"Participants","Display","Response","trials"
"6487072bc527b1c861c0e61e","10","beer","BPlow"
"6487072bc527b1c861c0e61e","10","tear","DThigh"
"6487072bc527b1c861c0e61e","10","pier","BPhigh"
"6487072bc527b1c861c0e61e","11","tear","DThigh"
"6487072bc527b1c861c0e61e","11","pier","BPhigh"
"6487072bc527b1c861c0e61e","11","beer","BPlow"
"6487072bc527b1c861c0e61e","11","deer","DTlow"
"6487072bc527b1c861c0e61e","12","tear","DThigh"
"6487072bc527b1c861c0e61e","12","deer","DTlow"
"6487072bc527b1c861c0e61e","12","beer","BPlow"
"6487072bc527b1c861c0e61e","12","pier","BPhigh"
"6487072bc527b1c861c0e61e","13","tear","DThigh"
"6487072bc527b1c861c0e61e","13","pier","BPhigh"
"6487072bc527b1c861c0e61e","13","tear","DTlow"
"6487072bc527b1c861c0e61e","13","beer","BPlow"
"6487072bc527b1c861c0e61e","14","tear","DThigh"
"6487072bc527b1c861c0e61e","14","beer","BPlow"
"6487072bc527b1c861c0e61e","14","deer","DTlow"
"6487072bc527b1c861c0e61e","14","pier","BPhigh"
"6487072bc527b1c861c0e61e","15","pier","BPhigh"
"6487072bc527b1c861c0e61e","15","beer","BPlow"
"6487072bc527b1c861c0e61e","15","tear","DThigh"
"6487072bc527b1c861c0e61e","15","deer","DTlow"
"6487072bc527b1c861c0e61e","16","pier","BPhigh"
"6487072bc527b1c861c0e61e","16","beer","BPlow"
"6487072bc527b1c861c0e61e","16","tear","DThigh"
"6487072bc527b1c861c0e61e","16","deer","DTlow"
"6487072bc527b1c861c0e61e","17","beer","BPlow"
"6487072bc527b1c861c0e61e","17","deer","DTlow"
"6487072bc527b1c861c0e61e","17","pier","BPhigh"
"6487072bc527b1c861c0e61e","17","tear","DThigh"
"6487072bc527b1c861c0e61e","18","beer","BPhigh"
"6487072bc527b1c861c0e61e","18","tear","DThigh"
"6487072bc527b1c861c0e61e","18","deer","DTlow"
"6487072bc527b1c861c0e61e","18","beer","BPlow"
"6487072bc527b1c861c0e61e","19","pier","BPhigh"
"6487072bc527b1c861c0e61e","19","beer","BPlow"
"6487072bc527b1c861c0e61e","19","tear","DThigh"
"6487072bc527b1c861c0e61e","19","deer","DTlow"
"6487072bc527b1c861c0e61e","20","tear","DThigh"
"6487072bc527b1c861c0e61e","20","beer","BPhigh"
"6487072bc527b1c861c0e61e","20","beer","BPlow"
"6487072bc527b1c861c0e61e","20","deer","DTlow"
"6487072bc527b1c861c0e61e","21","deer","DTlow"
"6487072bc527b1c861c0e61e","21","beer","BPhigh"
"6487072bc527b1c861c0e61e","21","tear","DThigh"
"6487072bc527b1c861c0e61e","21","beer","BPlow"
"6487072bc527b1c861c0e61e","22","deer","DTlow"
"6487072bc527b1c861c0e61e","22","beer","BPlow"
"6487072bc527b1c861c0e61e","22","pier","BPhigh"
"6487072bc527b1c861c0e61e","22","tear","DThigh"
"6487072bc527b1c861c0e61e","23","deer","DTlow"
"6487072bc527b1c861c0e61e","23","pier","BPhigh"
"6487072bc527b1c861c0e61e","23","tear","DThigh"
"6487072bc527b1c861c0e61e","23","beer","BPlow"
"6487072bc527b1c861c0e61e","24","tear","DThigh"
"6487072bc527b1c861c0e61e","24","pier","BPhigh"
"6487072bc527b1c861c0e61e","24","beer","BPlow"
"6487072bc527b1c861c0e61e","24","tear","DTlow"
"6487072bc527b1c861c0e61e","25","tear","DTlow"
"6487072bc527b1c861c0e61e","25","tear","DThigh"
"6487072bc527b1c861c0e61e","25","beer","BPlow"
"6487072bc527b1c861c0e61e","25","pier","BPhigh"
"6487072bc527b1c861c0e61e","26","tear","DThigh"
"6487072bc527b1c861c0e61e","26","beer","BPlow"
"6487072bc527b1c861c0e61e","26","pier","BPhigh"
"6487072bc527b1c861c0e61e","26","deer","DTlow"
"6487072bc527b1c861c0e61e","27","tear","DTlow"
"6487072bc527b1c861c0e61e","27","pier","BPhigh"
"6487072bc527b1c861c0e61e","27","tear","DThigh"
"6487072bc527b1c861c0e61e","27","beer","BPlow"
"6487072bc527b1c861c0e61e","28","tear","DThigh"
"6487072bc527b1c861c0e61e","28","pier","BPhigh"
"6487072bc527b1c861c0e61e","28","beer","BPlow"
"6487072bc527b1c861c0e61e","28","tear","DTlow"
"6487072bc527b1c861c0e61e","29","beer","BPlow"
"6487072bc527b1c861c0e61e","29","tear","DTlow"
"6487072bc527b1c861c0e61e","29","tear","DThigh"
"6487072bc527b1c861c0e61e","29","pier","BPhigh"
"6487072bc527b1c861c0e61e","30","tear","DThigh"
"6487072bc527b1c861c0e61e","30","pier","BPlow"
"6487072bc527b1c861c0e61e","30","tear","DTlow"
"6487072bc527b1c861c0e61e","30","pier","BPhigh"
"6487072bc527b1c861c0e61e","31","tear","DThigh"
"6487072bc527b1c861c0e61e","31","beer","BPlow"
"6487072bc527b1c861c0e61e","31","tear","DTlow"
"6487072bc527b1c861c0e61e","31","pier","BPhigh"
"6487072bc527b1c861c0e61e","32","tear","DTlow"
"6487072bc527b1c861c0e61e","32","tear","DThigh"
"6487072bc527b1c861c0e61e","32","beer","BPlow"
"6487072bc527b1c861c0e61e","32","pier","BPhigh"
"6487072bc527b1c861c0e61e","33","tear","DTlow"
"6487072bc527b1c861c0e61e","33","pier","BPhigh"
"6487072bc527b1c861c0e61e","33","tear","DThigh"
"6487072bc527b1c861c0e61e","33","pier","BPlow"
"6487072bc527b1c861c0e61e","34","tear","DThigh"
"6487072bc527b1c861c0e61e","34","deer","DTlow"
"6487072bc527b1c861c0e61e","34","pier","BPhigh"
"6487072bc527b1c861c0e61e","34","beer","BPlow"
"6487072bc527b1c861c0e61e","35","tear","DThigh"
"6487072bc527b1c861c0e61e","35","pier","BPhigh"
"6487072bc527b1c861c0e61e","35","deer","DTlow"
"6487072bc527b1c861c0e61e","35","beer","BPlow"
"6487072bc527b1c861c0e61e","36","tear","DThigh"
"6487072bc527b1c861c0e61e","36","deer","DTlow"
"6487072bc527b1c861c0e61e","36","beer","BPlow"
"6487072bc527b1c861c0e61e","36","beer","BPhigh"
"6487072bc527b1c861c0e61e","37","tear","DThigh"
"6487072bc527b1c861c0e61e","37","pier","BPhigh"
"6487072bc527b1c861c0e61e","37","beer","BPlow"
"6487072bc527b1c861c0e61e","37","tear","DTlow"
"6487072bc527b1c861c0e61e","38","beer","BPlow"
"6487072bc527b1c861c0e61e","38","tear","DTlow"
"6487072bc527b1c861c0e61e","38","pier","BPhigh"
"6487072bc527b1c861c0e61e","38","tear","DThigh"
"6487072bc527b1c861c0e61e","39","tear","DTlow"
"6487072bc527b1c861c0e61e","39","tear","DThigh"
"6487072bc527b1c861c0e61e","39","pier","BPhigh"
"6487072bc527b1c861c0e61e","39","beer","BPlow"
"6487072a504f0718c1768916","10","pier","BPhigh"
"6487072a504f0718c1768916","10","beer","BPlow"
"6487072a504f0718c1768916","10","tear","DThigh"
"6487072a504f0718c1768916","10","deer","DTlow"
"6487072a504f0718c1768916","11","beer","BPlow"
"6487072a504f0718c1768916","11","tear","DThigh"
"6487072a504f0718c1768916","11","pier","BPhigh"
"6487072a504f0718c1768916","11","deer","DTlow"
"6487072a504f0718c1768916","12","beer","BPlow"
"6487072a504f0718c1768916","12","tear","DThigh"
"6487072a504f0718c1768916","12","pier","BPhigh"
"6487072a504f0718c1768916","12","deer","DTlow"
"6487072a504f0718c1768916","13","deer","DTlow"
"6487072a504f0718c1768916","13","beer","BPlow"
"6487072a504f0718c1768916","13","tear","DThigh"
"6487072a504f0718c1768916","13","pier","BPhigh"
"6487072a504f0718c1768916","14","pier","BPhigh"
"6487072a504f0718c1768916","14","tear","DThigh"
"6487072a504f0718c1768916","14","beer","BPlow"
"6487072a504f0718c1768916","14","deer","DTlow"
"6487072a504f0718c1768916","15","deer","DTlow"
"6487072a504f0718c1768916","15","tear","DThigh"
"6487072a504f0718c1768916","15","beer","BPlow"
"6487072a504f0718c1768916","15","pier","BPhigh"
"6487072a504f0718c1768916","16","beer","BPlow"
"6487072a504f0718c1768916","16","tear","DThigh"
"6487072a504f0718c1768916","16","pier","BPhigh"
"6487072a504f0718c1768916","16","deer","DTlow"
"6487072a504f0718c1768916","17","deer","DTlow"
"6487072a504f0718c1768916","17","beer","BPlow"
"6487072a504f0718c1768916","17","tear","DThigh"
"6487072a504f0718c1768916","17","pier","BPhigh"
"6487072a504f0718c1768916","18","deer","DTlow"
"6487072a504f0718c1768916","18","pier","BPhigh"
"6487072a504f0718c1768916","18","beer","BPlow"
"6487072a504f0718c1768916","18","tear","DThigh"
"6487072a504f0718c1768916","19","tear","DThigh"
"6487072a504f0718c1768916","19","pier","BPhigh"
"6487072a504f0718c1768916","19","deer","DTlow"
"6487072a504f0718c1768916","19","beer","BPlow"
"6487072a504f0718c1768916","20","deer","DTlow"
"6487072a504f0718c1768916","20","deer","DThigh"
"6487072a504f0718c1768916","20","beer","BPlow"
"6487072a504f0718c1768916","20","pier","BPhigh"
"6487072a504f0718c1768916","21","deer","DTlow"
"6487072a504f0718c1768916","21","beer","BPlow"
"6487072a504f0718c1768916","21","pier","BPhigh"
"6487072a504f0718c1768916","21","tear","DThigh"
"6487072a504f0718c1768916","22","deer","DTlow"
"6487072a504f0718c1768916","22","tear","DThigh"
"6487072a504f0718c1768916","22","pier","BPhigh"
"6487072a504f0718c1768916","22","beer","BPlow"
"6487072a504f0718c1768916","23","beer","BPlow"
"6487072a504f0718c1768916","23","pier","BPhigh"
"6487072a504f0718c1768916","23","deer","DTlow"
"6487072a504f0718c1768916","23","tear","DThigh"
"6487072a504f0718c1768916","24","tear","DThigh"
"6487072a504f0718c1768916","24","pier","BPhigh"
"6487072a504f0718c1768916","24","beer","BPlow"
"6487072a504f0718c1768916","24","deer","DTlow"
"6487072a504f0718c1768916","25","beer","BPlow"
"6487072a504f0718c1768916","25","beer","BPhigh"
"6487072a504f0718c1768916","25","tear","DThigh"
"6487072a504f0718c1768916","25","deer","DTlow"
"6487072a504f0718c1768916","26","pier","BPlow"
"6487072a504f0718c1768916","26","pier","BPhigh"
"6487072a504f0718c1768916","26","tear","DThigh"
"6487072a504f0718c1768916","27","beer","BPlow"
"6487072a504f0718c1768916","27","tear","DTlow"
"6487072a504f0718c1768916","27","tear","DThigh"
"6487072a504f0718c1768916","27","pier","BPhigh"
"6487072a504f0718c1768916","28","deer","DTlow"
"6487072a504f0718c1768916","28","pier","BPhigh"
"6487072a504f0718c1768916","28","beer","BPlow"
"6487072a504f0718c1768916","28","tear","DThigh"
"6487072a504f0718c1768916","29","deer","DTlow"
"6487072a504f0718c1768916","29","pier","BPhigh"
"6487072a504f0718c1768916","29","pier","BPlow"
"6487072a504f0718c1768916","29","tear","DThigh"
"6487072a504f0718c1768916","30","beer","BPlow"
"6487072a504f0718c1768916","30","deer","DTlow"
"6487072a504f0718c1768916","30","pier","BPhigh"
"6487072a504f0718c1768916","30","tear","DThigh"
"6487072a504f0718c1768916","31","deer","DTlow"
"6487072a504f0718c1768916","31","tear","DThigh"
"6487072a504f0718c1768916","31","pier","BPhigh"
"6487072a504f0718c1768916","31","beer","BPlow"
"6487072a504f0718c1768916","32","pier","BPhigh"
"6487072a504f0718c1768916","32","tear","DThigh"
"6487072a504f0718c1768916","32","beer","BPlow"
"6487072a504f0718c1768916","32","deer","DTlow"
"6487072a504f0718c1768916","33","beer","BPlow"
"6487072a504f0718c1768916","33","pier","BPhigh"
"6487072a504f0718c1768916","33","deer","DTlow"
"6487072a504f0718c1768916","33","deer","DThigh"
"6487072a504f0718c1768916","34","deer","DTlow"
"6487072a504f0718c1768916","34","pier","BPhigh"
"6487072a504f0718c1768916","34","deer","DThigh"
"6487072a504f0718c1768916","34","beer","BPlow"
"6487072a504f0718c1768916","35","pier","BPhigh"
"6487072a504f0718c1768916","35","deer","DTlow"
"6487072a504f0718c1768916","35","deer","DThigh"
"6487072a504f0718c1768916","35","beer","BPlow"
"6487072a504f0718c1768916","36","tear","DThigh"
"6487072a504f0718c1768916","36","beer","BPlow"
"6487072a504f0718c1768916","36","deer","DTlow"
"6487072a504f0718c1768916","36","beer","BPhigh"
"6487072a504f0718c1768916","37","deer","DThigh"
"6487072a504f0718c1768916","37","deer","DTlow"
"6487072a504f0718c1768916","37","pier","BPhigh"
"6487072a504f0718c1768916","37","beer","BPlow"
"6487072a504f0718c1768916","38","beer","BPhigh"
"6487072a504f0718c1768916","38","beer","BPlow"
"6487072a504f0718c1768916","38","deer","DTlow"
"6487072a504f0718c1768916","38","deer","DThigh"
"6487072a504f0718c1768916","39","pier","BPhigh"
"6487072a504f0718c1768916","39","tear","DThigh"
"6487072a504f0718c1768916","39","deer","DTlow"
"6487072a504f0718c1768916","39","beer","BPlow"
"648706e955af62d92fd5ea14","10","beer","BPhigh"
"648706e955af62d92fd5ea14","10","tear","DThigh"
"648706e955af62d92fd5ea14","10","beer","BPlow"
"648706e955af62d92fd5ea14","11","beer","BPhigh"
"648706e955af62d92fd5ea14","11","deer","DTlow"
"648706e955af62d92fd5ea14","11","beer","BPlow"
"648706e955af62d92fd5ea14","11","deer","DThigh"
"648706e955af62d92fd5ea14","12","tear","DThigh"
"648706e955af62d92fd5ea14","12","deer","DTlow"
"648706e955af62d92fd5ea14","12","beer","BPlow"
"648706e955af62d92fd5ea14","12","beer","BPhigh"
"648706e955af62d92fd5ea14","13","beer","BPlow"
"648706e955af62d92fd5ea14","13","deer","DThigh"
"648706e955af62d92fd5ea14","13","beer","BPhigh"
"648706e955af62d92fd5ea14","13","deer","DTlow"
"648706e955af62d92fd5ea14","14","pier","BPhigh"
"648706e955af62d92fd5ea14","14","beer","BPlow"
"648706e955af62d92fd5ea14","14","deer","DTlow"
"648706e955af62d92fd5ea14","14","deer","DThigh"
"648706e955af62d92fd5ea14","15","deer","DTlow"
"648706e955af62d92fd5ea14","15","deer","DThigh"
"648706e955af62d92fd5ea14","15","beer","BPlow"
"648706e955af62d92fd5ea14","15","pier","BPhigh"
"648706e955af62d92fd5ea14","16","beer","BPlow"
"648706e955af62d92fd5ea14","16","deer","DTlow"
"648706e955af62d92fd5ea14","16","deer","DThigh"
"648706e955af62d92fd5ea14","16","pier","BPhigh"
"648706e955af62d92fd5ea14","17","deer","DThigh"
"648706e955af62d92fd5ea14","17","beer","BPlow"
"648706e955af62d92fd5ea14","17","beer","BPhigh"
"648706e955af62d92fd5ea14","17","deer","DTlow"
"648706e955af62d92fd5ea14","18","beer","BPlow"
"648706e955af62d92fd5ea14","18","deer","DTlow"
"648706e955af62d92fd5ea14","18","deer","DThigh"
"648706e955af62d92fd5ea14","18","beer","BPhigh"
"648706e955af62d92fd5ea14","19","beer","BPlow"
"648706e955af62d92fd5ea14","19","beer","BPhigh"
"648706e955af62d92fd5ea14","19","deer","DTlow"
"648706e955af62d92fd5ea14","19","deer","DThigh"
"648706e955af62d92fd5ea14","20","beer","BPlow"
"648706e955af62d92fd5ea14","20","deer","DTlow"
"648706e955af62d92fd5ea14","20","beer","BPhigh"
"648706e955af62d92fd5ea14","20","deer","DThigh"
"648706e955af62d92fd5ea14","21","tear","DThigh"
"648706e955af62d92fd5ea14","21","deer","DTlow"
"648706e955af62d92fd5ea14","21","pier","BPhigh"
"648706e955af62d92fd5ea14","21","beer","BPlow"
"648706e955af62d92fd5ea14","22","deer","DTlow"
"648706e955af62d92fd5ea14","22","pier","BPhigh"
"648706e955af62d92fd5ea14","22","beer","BPlow"
"648706e955af62d92fd5ea14","22","tear","DThigh"
"648706e955af62d92fd5ea14","23","beer","BPlow"
"648706e955af62d92fd5ea14","23","deer","DTlow"
"648706e955af62d92fd5ea14","23","tear","DThigh"
"648706e955af62d92fd5ea14","23","pier","BPhigh"
"648706e955af62d92fd5ea14","24","pier","BPhigh"
"648706e955af62d92fd5ea14","24","beer","BPlow"
"648706e955af62d92fd5ea14","24","tear","DThigh"
"648706e955af62d92fd5ea14","24","deer","DTlow"
"648706e955af62d92fd5ea14","25","deer","DTlow"
"648706e955af62d92fd5ea14","25","pier","BPhigh"
"648706e955af62d92fd5ea14","25","beer","BPlow"
"648706e955af62d92fd5ea14","25","tear","DThigh"
"648706e955af62d92fd5ea14","26","pier","BPhigh"
"648706e955af62d92fd5ea14","26","tear","DThigh"
"648706e955af62d92fd5ea14","26","deer","DTlow"
"648706e955af62d92fd5ea14","26","beer","BPlow"
"648706e955af62d92fd5ea14","27","tear","DThigh"
"648706e955af62d92fd5ea14","27","beer","BPlow"
"648706e955af62d92fd5ea14","27","beer","BPhigh"
"648706e955af62d92fd5ea14","27","deer","DTlow"
"648706e955af62d92fd5ea14","28","tear","DThigh"
"648706e955af62d92fd5ea14","28","beer","BPlow"
"648706e955af62d92fd5ea14","28","deer","DTlow"
"648706e955af62d92fd5ea14","28","pier","BPhigh"
"648706e955af62d92fd5ea14","29","deer","DTlow"
"648706e955af62d92fd5ea14","29","beer","BPlow"
"648706e955af62d92fd5ea14","29","tear","DThigh"
"648706e955af62d92fd5ea14","29","pier","BPhigh"
"648706e955af62d92fd5ea14","30","pier","BPhigh"
"648706e955af62d92fd5ea14","30","tear","DThigh"
"648706e955af62d92fd5ea14","30","deer","DTlow"
"648706e955af62d92fd5ea14","30","beer","BPlow"
"648706e955af62d92fd5ea14","31","beer","BPlow"
"648706e955af62d92fd5ea14","31","beer","BPhigh"
"648706e955af62d92fd5ea14","31","deer","DThigh"
"648706e955af62d92fd5ea14","31","deer","DTlow"
"648706e955af62d92fd5ea14","32","beer","BPhigh"
"648706e955af62d92fd5ea14","32","beer","BPlow"
"648706e955af62d92fd5ea14","32","deer","DTlow"
"648706e955af62d92fd5ea14","33","deer","DTlow"
"648706e955af62d92fd5ea14","33","deer","DThigh"
"648706e955af62d92fd5ea14","33","beer","BPlow"
"648706e955af62d92fd5ea14","33","pier","BPhigh"
"648706e955af62d92fd5ea14","34","beer","BPlow"
"648706e955af62d92fd5ea14","34","deer","DTlow"
"648706e955af62d92fd5ea14","34","tear","DThigh"
"648706e955af62d92fd5ea14","34","pier","BPhigh"
"648706e955af62d92fd5ea14","35","tear","DThigh"
"648706e955af62d92fd5ea14","35","beer","BPlow"
"648706e955af62d92fd5ea14","35","pier","BPhigh"
"648706e955af62d92fd5ea14","35","deer","DTlow"
"648706e955af62d92fd5ea14","36","deer","DTlow"
"648706e955af62d92fd5ea14","36","deer","DThigh"
"648706e955af62d92fd5ea14","36","pier","BPhigh"
"648706e955af62d92fd5ea14","36","beer","BPlow"
"648706e955af62d92fd5ea14","37","tear","DThigh"
"648706e955af62d92fd5ea14","37","deer","DTlow"
"648706e955af62d92fd5ea14","37","beer","BPlow"
"648706e955af62d92fd5ea14","37","pier","BPhigh"
"648706e955af62d92fd5ea14","38","deer","DTlow"
"648706e955af62d92fd5ea14","38","pier","BPhigh"
"648706e955af62d92fd5ea14","38","tear","DThigh"
"648706e955af62d92fd5ea14","38","beer","BPlow"
"648706e955af62d92fd5ea14","39","tear","DThigh"
"648706e955af62d92fd5ea14","39","deer","DTlow"
"648706e955af62d92fd5ea14","39","beer","BPlow"
"648706e955af62d92fd5ea14","39","pier","BPhigh"
"64870905d991206b69a117a7","10","deer","DTlow"
"64870905d991206b69a117a7","10","beer","BPhigh"
"64870905d991206b69a117a7","10","beer","BPlow"
"64870905d991206b69a117a7","10","tear","DThigh"
"64870905d991206b69a117a7","11","beer","BPhigh"
"64870905d991206b69a117a7","11","beer","BPlow"
"64870905d991206b69a117a7","11","deer","DTlow"
"64870905d991206b69a117a7","12","beer","BPlow"
"64870905d991206b69a117a7","12","beer","BPhigh"
"64870905d991206b69a117a7","12","deer","DTlow"
"64870905d991206b69a117a7","12","tear","DThigh"
"64870905d991206b69a117a7","13","beer","BPhigh"
"64870905d991206b69a117a7","13","tear","DThigh"
"64870905d991206b69a117a7","13","deer","DTlow"
"64870905d991206b69a117a7","13","beer","BPlow"
"64870905d991206b69a117a7","14","beer","BPhigh"
"64870905d991206b69a117a7","14","tear","DThigh"
"64870905d991206b69a117a7","14","deer","DTlow"
"64870905d991206b69a117a7","14","beer","BPlow"
"64870905d991206b69a117a7","15","deer","DTlow"
"64870905d991206b69a117a7","15","deer","DThigh"
"64870905d991206b69a117a7","15","beer","BPlow"
"64870905d991206b69a117a7","15","beer","BPhigh"
"64870905d991206b69a117a7","16","deer","DTlow"
"64870905d991206b69a117a7","16","deer","DThigh"
"64870905d991206b69a117a7","16","beer","BPhigh"
"64870905d991206b69a117a7","16","beer","BPlow"
"64870905d991206b69a117a7","17","pier","BPhigh"
"64870905d991206b69a117a7","17","deer","DTlow"
"64870905d991206b69a117a7","17","tear","DThigh"
"64870905d991206b69a117a7","17","beer","BPlow"
"64870905d991206b69a117a7","18","pier","BPlow"
"64870905d991206b69a117a7","18","deer","DTlow"
"64870905d991206b69a117a7","18","pier","BPhigh"
"64870905d991206b69a117a7","18","tear","DThigh"
"64870905d991206b69a117a7","19","tear","DThigh"
"64870905d991206b69a117a7","19","pier","BPhigh"
"64870905d991206b69a117a7","19","deer","DTlow"
"64870905d991206b69a117a7","19","beer","BPlow"
"64870905d991206b69a117a7","20","deer","DTlow"
"64870905d991206b69a117a7","20","beer","BPlow"
"64870905d991206b69a117a7","20","beer","BPhigh"
"64870905d991206b69a117a7","20","tear","DThigh"
"64870905d991206b69a117a7","21","beer","BPhigh"
"64870905d991206b69a117a7","21","deer","DTlow"
"64870905d991206b69a117a7","21","beer","BPlow"
"64870905d991206b69a117a7","21","tear","DThigh"
"64870905d991206b69a117a7","22","beer","BPlow"
"64870905d991206b69a117a7","22","deer","DTlow"
"64870905d991206b69a117a7","22","tear","DThigh"
"64870905d991206b69a117a7","22","pier","BPhigh"
"64870905d991206b69a117a7","23","tear","DThigh"
"64870905d991206b69a117a7","23","pier","BPhigh"
"64870905d991206b69a117a7","23","deer","DTlow"
"64870905d991206b69a117a7","23","beer","BPlow"
"64870905d991206b69a117a7","24","pier","BPhigh"
"64870905d991206b69a117a7","24","deer","DTlow"
"64870905d991206b69a117a7","24","beer","BPlow"
"64870905d991206b69a117a7","24","tear","DThigh"
"64870905d991206b69a117a7","25","pier","BPhigh"
"64870905d991206b69a117a7","25","tear","DThigh"
"64870905d991206b69a117a7","25","deer","DTlow"
"64870905d991206b69a117a7","25","beer","BPlow"
"64870905d991206b69a117a7","26","tear","DThigh"
"64870905d991206b69a117a7","26","beer","BPhigh"
"64870905d991206b69a117a7","26","beer","BPlow"
"64870905d991206b69a117a7","26","deer","DTlow"
"64870905d991206b69a117a7","27","beer","BPlow"
"64870905d991206b69a117a7","27","deer","DTlow"
"64870905d991206b69a117a7","27","tear","DThigh"
"64870905d991206b69a117a7","27","beer","BPhigh"
"64870905d991206b69a117a7","28","deer","DTlow"
"64870905d991206b69a117a7","28","tear","DThigh"
"64870905d991206b69a117a7","28","beer","BPlow"
"64870905d991206b69a117a7","28","pier","BPhigh"
"64870905d991206b69a117a7","29","beer","BPlow"
"64870905d991206b69a117a7","29","tear","DThigh"
"64870905d991206b69a117a7","29","deer","DTlow"
"64870905d991206b69a117a7","29","beer","BPhigh"
"64870905d991206b69a117a7","30","deer","DTlow"
"64870905d991206b69a117a7","30","beer","BPlow"
"64870905d991206b69a117a7","30","pier","BPhigh"
"64870905d991206b69a117a7","30","tear","DThigh"
"64870905d991206b69a117a7","31","deer","DThigh"
"64870905d991206b69a117a7","31","deer","DTlow"
"64870905d991206b69a117a7","31","beer","BPhigh"
"64870905d991206b69a117a7","31","beer","BPlow"
"64870905d991206b69a117a7","32","beer","BPlow"
"64870905d991206b69a117a7","32","deer","DThigh"
"64870905d991206b69a117a7","32","beer","BPhigh"
"64870905d991206b69a117a7","32","deer","DTlow"
"64870905d991206b69a117a7","33","tear","DThigh"
"64870905d991206b69a117a7","33","beer","BPlow"
"64870905d991206b69a117a7","33","pier","BPhigh"
"64870905d991206b69a117a7","33","deer","DTlow"
"64870905d991206b69a117a7","34","deer","DThigh"
"64870905d991206b69a117a7","34","beer","BPlow"
"64870905d991206b69a117a7","34","pier","BPhigh"
"64870905d991206b69a117a7","34","deer","DTlow"
"64870905d991206b69a117a7","35","pier","BPhigh"
"64870905d991206b69a117a7","35","pier","BPlow"
"64870905d991206b69a117a7","35","tear","DThigh"
"64870905d991206b69a117a7","35","deer","DTlow"
"64870905d991206b69a117a7","36","deer","DTlow"
"64870905d991206b69a117a7","36","pier","BPhigh"
"64870905d991206b69a117a7","36","pier","BPlow"
"64870905d991206b69a117a7","36","tear","DThigh"
"64870905d991206b69a117a7","37","pier","BPhigh"
"64870905d991206b69a117a7","37","beer","BPlow"
"64870905d991206b69a117a7","37","deer","DTlow"
"64870905d991206b69a117a7","37","tear","DThigh"
"64870905d991206b69a117a7","38","tear","DThigh"
"64870905d991206b69a117a7","38","pier","BPhigh"
"64870905d991206b69a117a7","38","deer","DTlow"
"64870905d991206b69a117a7","38","beer","BPlow"
"64870905d991206b69a117a7","39","beer","BPlow"
"64870905d991206b69a117a7","39","beer","BPhigh"
"64870905d991206b69a117a7","39","deer","DTlow"
"64870905d991206b69a117a7","39","deer","DThigh"
"64870c92b44c7981272c52da","11","tear","DThigh"
"64870c92b44c7981272c52da","11","beer","BPlow"
"64870c92b44c7981272c52da","11","deer","DTlow"
"64870c92b44c7981272c52da","11","pier","BPhigh"
"64870c92b44c7981272c52da","12","tear","DThigh"
"64870c92b44c7981272c52da","12","beer","BPlow"
"64870c92b44c7981272c52da","12","deer","DTlow"
"64870c92b44c7981272c52da","12","pier","BPhigh"
"64870c92b44c7981272c52da","13","tear","DThigh"
"64870c92b44c7981272c52da","13","beer","BPlow"
"64870c92b44c7981272c52da","13","deer","DTlow"
"64870c92b44c7981272c52da","13","pier","BPhigh"
"64870c92b44c7981272c52da","14","tear","DThigh"
"64870c92b44c7981272c52da","14","beer","BPlow"
"64870c92b44c7981272c52da","14","deer","DTlow"
"64870c92b44c7981272c52da","14","pier","BPhigh"
"64870c92b44c7981272c52da","15","deer","DTlow"
"64870c92b44c7981272c52da","15","beer","BPlow"
"64870c92b44c7981272c52da","15","tear","DThigh"
"64870c92b44c7981272c52da","15","pier","BPhigh"
"64870c92b44c7981272c52da","16","tear","DThigh"
"64870c92b44c7981272c52da","16","tear","DTlow"
"64870c92b44c7981272c52da","16","beer","BPhigh"
"64870c92b44c7981272c52da","16","beer","BPlow"
"64870c92b44c7981272c52da","17","pier","BPhigh"
"64870c92b44c7981272c52da","17","deer","DThigh"
"64870c92b44c7981272c52da","17","beer","BPlow"
"64870c92b44c7981272c52da","17","deer","DTlow"
"64870c92b44c7981272c52da","18","pier","BPhigh"
"64870c92b44c7981272c52da","18","deer","DTlow"
"64870c92b44c7981272c52da","18","beer","BPlow"
"64870c92b44c7981272c52da","18","tear","DThigh"
"64870c92b44c7981272c52da","19","tear","DThigh"
"64870c92b44c7981272c52da","19","deer","DTlow"
"64870c92b44c7981272c52da","19","beer","BPlow"
"64870c92b44c7981272c52da","19","pier","BPhigh"
"64870c92b44c7981272c52da","20","deer","DTlow"
"64870c92b44c7981272c52da","20","deer","DThigh"
"64870c92b44c7981272c52da","20","pier","BPhigh"
"64870c92b44c7981272c52da","20","beer","BPlow"
"64870c92b44c7981272c52da","21","pier","BPhigh"
"64870c92b44c7981272c52da","21","deer","DTlow"
"64870c92b44c7981272c52da","21","beer","BPlow"
"64870c92b44c7981272c52da","21","tear","DThigh"
"64870c92b44c7981272c52da","22","tear","DThigh"
"64870c92b44c7981272c52da","22","beer","BPlow"
"64870c92b44c7981272c52da","22","tear","DTlow"
"64870c92b44c7981272c52da","22","pier","BPhigh"
"64870c92b44c7981272c52da","23","tear","DTlow"
"64870c92b44c7981272c52da","23","pier","BPhigh"
"64870c92b44c7981272c52da","23","beer","BPlow"
"64870c92b44c7981272c52da","23","tear","DThigh"
"64870c92b44c7981272c52da","24","pier","BPhigh"
"64870c92b44c7981272c52da","24","tear","DThigh"
"64870c92b44c7981272c52da","24","beer","BPlow"
"64870c92b44c7981272c52da","24","deer","DTlow"
"64870c92b44c7981272c52da","25","deer","DTlow"
"64870c92b44c7981272c52da","25","beer","BPlow"
"64870c92b44c7981272c52da","25","beer","BPhigh"
"64870c92b44c7981272c52da","25","tear","DThigh"
"64870c92b44c7981272c52da","26","deer","DTlow"
"64870c92b44c7981272c52da","26","pier","BPhigh"
"64870c92b44c7981272c52da","26","beer","BPlow"
"64870c92b44c7981272c52da","26","tear","DThigh"
"64870c92b44c7981272c52da","27","tear","DThigh"
"64870c92b44c7981272c52da","27","pier","BPhigh"
"64870c92b44c7981272c52da","27","beer","BPlow"
"64870c92b44c7981272c52da","27","tear","DTlow"
"64870c92b44c7981272c52da","28","pier","BPhigh"
"64870c92b44c7981272c52da","28","deer","DTlow"
"64870c92b44c7981272c52da","28","beer","BPlow"
"64870c92b44c7981272c52da","28","tear","DThigh"
"64870c92b44c7981272c52da","29","beer","BPlow"
"64870c92b44c7981272c52da","29","tear","DTlow"
"64870c92b44c7981272c52da","29","tear","DThigh"
"64870c92b44c7981272c52da","29","pier","BPhigh"
"64870c92b44c7981272c52da","30","tear","DThigh"
"64870c92b44c7981272c52da","30","deer","DTlow"
"64870c92b44c7981272c52da","30","beer","BPlow"
"64870c92b44c7981272c52da","30","pier","BPhigh"
"64870c92b44c7981272c52da","31","deer","DThigh"
"64870c92b44c7981272c52da","31","pier","BPhigh"
"64870c92b44c7981272c52da","31","deer","DTlow"
"64870c92b44c7981272c52da","31","pier","BPlow"
"64870c92b44c7981272c52da","32","tear","DThigh"
"64870c92b44c7981272c52da","32","deer","DTlow"
"64870c92b44c7981272c52da","32","beer","BPlow"
"64870c92b44c7981272c52da","32","pier","BPhigh"
"64870c92b44c7981272c52da","33","pier","BPhigh"
"64870c92b44c7981272c52da","33","pier","BPlow"
"64870c92b44c7981272c52da","33","tear","DThigh"
"64870c92b44c7981272c52da","33","tear","DTlow"
"64870c92b44c7981272c52da","34","pier","BPlow"
"64870c92b44c7981272c52da","34","deer","DTlow"
"64870c92b44c7981272c52da","34","pier","BPhigh"
"64870c92b44c7981272c52da","34","tear","DThigh"
"64870c92b44c7981272c52da","35","beer","BPlow"
"64870c92b44c7981272c52da","35","deer","DTlow"
"64870c92b44c7981272c52da","35","pier","BPhigh"
"64870c92b44c7981272c52da","35","tear","DThigh"
"64870c92b44c7981272c52da","36","beer","BPlow"
"64870c92b44c7981272c52da","36","tear","DThigh"
"64870c92b44c7981272c52da","36","pier","BPhigh"
"64870c92b44c7981272c52da","36","deer","DTlow"
"64870c92b44c7981272c52da","37","deer","DTlow"
"64870c92b44c7981272c52da","37","pier","BPhigh"
"64870c92b44c7981272c52da","37","tear","DThigh"
"64870c92b44c7981272c52da","37","pier","BPlow"
"64870c92b44c7981272c52da","38","pier","BPhigh"
"64870c92b44c7981272c52da","38","tear","DThigh"
"64870c92b44c7981272c52da","38","deer","DTlow"
"64870c92b44c7981272c52da","38","pier","BPlow"
"64870c92b44c7981272c52da","39","pier","BPhigh"
"64870c92b44c7981272c52da","39","deer","DTlow"
"64870c92b44c7981272c52da","39","pier","BPlow"
"64870c92b44c7981272c52da","39","tear","DThigh"
"64870cb78577c3486ad12c32","10","tear","DTlow"
"64870cb78577c3486ad12c32","10","beer","BPhigh"
"64870cb78577c3486ad12c32","10","tear","DThigh"
"64870cb78577c3486ad12c32","11","pier","BPhigh"
"64870cb78577c3486ad12c32","11","tear","DTlow"
"64870cb78577c3486ad12c32","11","tear","DThigh"
"64870cb78577c3486ad12c32","11","pier","BPlow"
"64870cb78577c3486ad12c32","12","tear","DTlow"
"64870cb78577c3486ad12c32","12","pier","BPhigh"
"64870cb78577c3486ad12c32","12","deer","DThigh"
"64870cb78577c3486ad12c32","12","beer","BPlow"
"64870cb78577c3486ad12c32","13","deer","DTlow"
"64870cb78577c3486ad12c32","13","tear","DThigh"
"64870cb78577c3486ad12c32","14","beer","BPlow"
"64870cb78577c3486ad12c32","14","deer","DTlow"
"64870cb78577c3486ad12c32","14","tear","DThigh"
"64870cb78577c3486ad12c32","14","pier","BPhigh"
"64870cb78577c3486ad12c32","15","pier","BPlow"
"64870cb78577c3486ad12c32","15","pier","BPhigh"
"64870cb78577c3486ad12c32","15","tear","DThigh"
"64870cb78577c3486ad12c32","15","deer","DTlow"
"64870cb78577c3486ad12c32","16","pier","BPlow"
"64870cb78577c3486ad12c32","16","tear","DThigh"
"64870cb78577c3486ad12c32","16","pier","BPhigh"
"64870cb78577c3486ad12c32","16","deer","DTlow"
"64870cb78577c3486ad12c32","17","beer","BPhigh"
"64870cb78577c3486ad12c32","17","beer","BPlow"
"64870cb78577c3486ad12c32","17","deer","DTlow"
"64870cb78577c3486ad12c32","17","tear","DThigh"
"64870cb78577c3486ad12c32","18","tear","DThigh"
"64870cb78577c3486ad12c32","18","tear","DTlow"
"64870cb78577c3486ad12c32","18","pier","BPhigh"
"64870cb78577c3486ad12c32","18","beer","BPlow"
"64870cb78577c3486ad12c32","19","beer","BPlow"
"64870cb78577c3486ad12c32","19","tear","DThigh"
"64870cb78577c3486ad12c32","19","deer","DTlow"
"64870cb78577c3486ad12c32","19","beer","BPhigh"
"64870cb78577c3486ad12c32","20","beer","BPhigh"
"64870cb78577c3486ad12c32","20","tear","DThigh"
"64870cb78577c3486ad12c32","20","beer","BPlow"
"64870cb78577c3486ad12c32","21","deer","DThigh"
"64870cb78577c3486ad12c32","21","beer","BPlow"
"64870cb78577c3486ad12c32","21","tear","DTlow"
"64870cb78577c3486ad12c32","22","beer","BPlow"
"64870cb78577c3486ad12c32","22","tear","DTlow"
"64870cb78577c3486ad12c32","22","beer","BPhigh"
"64870cb78577c3486ad12c32","22","tear","DThigh"
"64870cb78577c3486ad12c32","23","beer","BPhigh"
"64870cb78577c3486ad12c32","23","tear","DTlow"
"64870cb78577c3486ad12c32","23","pier","BPlow"
"64870cb78577c3486ad12c32","24","beer","BPlow"
"64870cb78577c3486ad12c32","24","tear","DThigh"
"64870cb78577c3486ad12c32","24","deer","DTlow"
"64870cb78577c3486ad12c32","24","pier","BPhigh"
"64870cb78577c3486ad12c32","25","tear","DTlow"
"64870cb78577c3486ad12c32","25","tear","DThigh"
"64870cb78577c3486ad12c32","25","pier","BPhigh"
"64870cb78577c3486ad12c32","25","beer","BPlow"
"64870cb78577c3486ad12c32","26","pier","BPhigh"
"64870cb78577c3486ad12c32","26","tear","DThigh"
"64870cb78577c3486ad12c32","26","deer","DTlow"
"64870cb78577c3486ad12c32","26","beer","BPlow"
"64870cb78577c3486ad12c32","27","tear","DThigh"
"64870cb78577c3486ad12c32","27","pier","BPlow"
"64870cb78577c3486ad12c32","27","beer","BPhigh"
"64870cb78577c3486ad12c32","27","deer","DTlow"
"64870cb78577c3486ad12c32","28","tear","DThigh"
"64870cb78577c3486ad12c32","28","pier","BPhigh"
"64870cb78577c3486ad12c32","28","beer","BPlow"
"64870cb78577c3486ad12c32","28","tear","DTlow"
"64870cb78577c3486ad12c32","29","tear","DTlow"
"64870cb78577c3486ad12c32","29","tear","DThigh"
"64870cb78577c3486ad12c32","29","beer","BPlow"
"64870cb78577c3486ad12c32","30","tear","DTlow"
"64870cb78577c3486ad12c32","30","beer","BPlow"
"64870cb78577c3486ad12c32","30","pier","BPhigh"
"64870cb78577c3486ad12c32","30","tear","DThigh"
"64870cb78577c3486ad12c32","31","deer","DTlow"
"64870cb78577c3486ad12c32","31","beer","BPhigh"
"64870cb78577c3486ad12c32","31","pier","BPlow"
"64870cb78577c3486ad12c32","31","tear","DThigh"
"64870cb78577c3486ad12c32","32","pier","BPlow"
"64870cb78577c3486ad12c32","32","tear","DThigh"
"64870cb78577c3486ad12c32","32","deer","DTlow"
"64870cb78577c3486ad12c32","32","pier","BPhigh"
"64870cb78577c3486ad12c32","33","pier","BPhigh"
"64870cb78577c3486ad12c32","33","tear","DThigh"
"64870cb78577c3486ad12c32","33","tear","DTlow"
"64870cb78577c3486ad12c32","33","pier","BPlow"
"64870cb78577c3486ad12c32","34","tear","DTlow"
"64870cb78577c3486ad12c32","34","tear","DThigh"
"64870cb78577c3486ad12c32","34","beer","BPlow"
"64870cb78577c3486ad12c32","34","pier","BPhigh"
"64870cb78577c3486ad12c32","35","pier","BPlow"
"64870cb78577c3486ad12c32","35","tear","DThigh"
"64870cb78577c3486ad12c32","35","pier","BPhigh"
"64870cb78577c3486ad12c32","35","tear","DTlow"
"64870cb78577c3486ad12c32","36","tear","DThigh"
"64870cb78577c3486ad12c32","36","beer","BPlow"
"64870cb78577c3486ad12c32","36","tear","DTlow"
"64870cb78577c3486ad12c32","36","pier","BPhigh"
"64870cb78577c3486ad12c32","37","pier","BPlow"
"64870cb78577c3486ad12c32","37","deer","DThigh"
"64870cb78577c3486ad12c32","37","pier","BPhigh"
"64870cb78577c3486ad12c32","37","deer","DTlow"
"64870cb78577c3486ad12c32","38","pier","BPlow"
"64870cb78577c3486ad12c32","38","tear","DThigh"
"64870cb78577c3486ad12c32","38","deer","DTlow"
"64870cb78577c3486ad12c32","38","pier","BPhigh"
"64870cb78577c3486ad12c32","39","pier","BPlow"
"64870cb78577c3486ad12c32","39","pier","BPhigh"
"64870cb78577c3486ad12c32","39","tear","DThigh"
"64870cb78577c3486ad12c32","39","tear","DTlow"
"64872c98214642b52e4eb12d","10","beer","BPhigh"
"64872c98214642b52e4eb12d","10","tear","DTlow"
"64872c98214642b52e4eb12d","10","beer","BPlow"
"64872c98214642b52e4eb12d","10","deer","DThigh"
"64872c98214642b52e4eb12d","11","pier","BPhigh"
"64872c98214642b52e4eb12d","11","beer","BPlow"
"64872c98214642b52e4eb12d","11","tear","DThigh"
"64872c98214642b52e4eb12d","11","deer","DTlow"
"64872c98214642b52e4eb12d","12","beer","BPhigh"
"64872c98214642b52e4eb12d","12","deer","DTlow"
"64872c98214642b52e4eb12d","12","beer","BPlow"
"64872c98214642b52e4eb12d","12","tear","DThigh"
"64872c98214642b52e4eb12d","13","pier","BPhigh"
"64872c98214642b52e4eb12d","13","deer","DThigh"
"64872c98214642b52e4eb12d","13","deer","DTlow"
"64872c98214642b52e4eb12d","13","beer","BPlow"
"64872c98214642b52e4eb12d","14","deer","DTlow"
"64872c98214642b52e4eb12d","14","beer","BPlow"
"64872c98214642b52e4eb12d","14","deer","DThigh"
"64872c98214642b52e4eb12d","14","beer","BPhigh"
"64872c98214642b52e4eb12d","15","tear","DThigh"
"64872c98214642b52e4eb12d","15","tear","DTlow"
"64872c98214642b52e4eb12d","15","beer","BPlow"
"64872c98214642b52e4eb12d","15","pier","BPhigh"
"64872c98214642b52e4eb12d","16","beer","BPlow"
"64872c98214642b52e4eb12d","16","pier","BPhigh"
"64872c98214642b52e4eb12d","16","tear","DThigh"
"64872c98214642b52e4eb12d","16","tear","DTlow"
"64872c98214642b52e4eb12d","17","deer","DThigh"
"64872c98214642b52e4eb12d","17","beer","BPlow"
"64872c98214642b52e4eb12d","17","deer","DTlow"
"64872c98214642b52e4eb12d","17","beer","BPhigh"
"64872c98214642b52e4eb12d","18","beer","BPlow"
"64872c98214642b52e4eb12d","18","pier","BPhigh"
"64872c98214642b52e4eb12d","18","tear","DThigh"
"64872c98214642b52e4eb12d","19","deer","DTlow"
"64872c98214642b52e4eb12d","19","pier","BPhigh"
"64872c98214642b52e4eb12d","19","deer","DThigh"
"64872c98214642b52e4eb12d","19","beer","BPlow"
"64872c98214642b52e4eb12d","20","deer","DThigh"
"64872c98214642b52e4eb12d","20","beer","BPhigh"
"64872c98214642b52e4eb12d","20","deer","DTlow"
"64872c98214642b52e4eb12d","21","beer","BPhigh"
"64872c98214642b52e4eb12d","21","deer","DThigh"
"64872c98214642b52e4eb12d","21","deer","DTlow"
"64872c98214642b52e4eb12d","21","beer","BPlow"
"64872c98214642b52e4eb12d","22","deer","DTlow"
"64872c98214642b52e4eb12d","22","beer","BPhigh"
"64872c98214642b52e4eb12d","22","deer","DThigh"
"64872c98214642b52e4eb12d","22","beer","BPlow"
"64872c98214642b52e4eb12d","23","deer","DThigh"
"64872c98214642b52e4eb12d","23","beer","BPhigh"
"64872c98214642b52e4eb12d","23","beer","BPlow"
"64872c98214642b52e4eb12d","23","deer","DTlow"
"64872c98214642b52e4eb12d","24","deer","DThigh"
"64872c98214642b52e4eb12d","24","deer","DTlow"
"64872c98214642b52e4eb12d","24","beer","BPhigh"
"64872c98214642b52e4eb12d","24","beer","BPlow"
"64872c98214642b52e4eb12d","25","deer","DThigh"
"64872c98214642b52e4eb12d","25","beer","BPlow"
"64872c98214642b52e4eb12d","25","beer","BPhigh"
"64872c98214642b52e4eb12d","25","tear","DTlow"
"64872c98214642b52e4eb12d","26","beer","BPhigh"
"64872c98214642b52e4eb12d","26","beer","BPlow"
"64872c98214642b52e4eb12d","26","tear","DTlow"
"64872c98214642b52e4eb12d","26","deer","DThigh"
"64872c98214642b52e4eb12d","27","beer","BPlow"
"64872c98214642b52e4eb12d","27","beer","BPhigh"
"64872c98214642b52e4eb12d","27","tear","DThigh"
"64872c98214642b52e4eb12d","27","deer","DTlow"
"64872c98214642b52e4eb12d","28","tear","DTlow"
"64872c98214642b52e4eb12d","28","beer","BPlow"
"64872c98214642b52e4eb12d","28","beer","BPhigh"
"64872c98214642b52e4eb12d","29","beer","BPhigh"
"64872c98214642b52e4eb12d","29","tear","DThigh"
"64872c98214642b52e4eb12d","29","beer","BPlow"
"64872c98214642b52e4eb12d","29","tear","DTlow"
"64872c98214642b52e4eb12d","30","beer","BPhigh"
"64872c98214642b52e4eb12d","30","tear","DTlow"
"64872c98214642b52e4eb12d","30","deer","DThigh"
"64872c98214642b52e4eb12d","30","beer","BPlow"
"64872c98214642b52e4eb12d","31","tear","DTlow"
"64872c98214642b52e4eb12d","31","beer","BPlow"
"64872c98214642b52e4eb12d","31","pier","BPhigh"
"64872c98214642b52e4eb12d","31","tear","DThigh"
"64872c98214642b52e4eb12d","32","tear","DTlow"
"64872c98214642b52e4eb12d","32","deer","DThigh"
"64872c98214642b52e4eb12d","32","pier","BPhigh"
"64872c98214642b52e4eb12d","32","beer","BPlow"
"64872c98214642b52e4eb12d","33","deer","DTlow"
"64872c98214642b52e4eb12d","33","beer","BPhigh"
"64872c98214642b52e4eb12d","33","tear","DThigh"
"64872c98214642b52e4eb12d","33","beer","BPlow"
"64872c98214642b52e4eb12d","34","pier","BPhigh"
"64872c98214642b52e4eb12d","34","beer","BPlow"
"64872c98214642b52e4eb12d","34","tear","DThigh"
"64872c98214642b52e4eb12d","34","tear","DTlow"
"64872c98214642b52e4eb12d","35","deer","DTlow"
"64872c98214642b52e4eb12d","35","deer","DThigh"
"64872c98214642b52e4eb12d","35","beer","BPhigh"
"64872c98214642b52e4eb12d","35","beer","BPlow"
"64872c98214642b52e4eb12d","36","beer","BPlow"
"64872c98214642b52e4eb12d","36","tear","DThigh"
"64872c98214642b52e4eb12d","36","pier","BPhigh"
"64872c98214642b52e4eb12d","37","pier","BPhigh"
"64872c98214642b52e4eb12d","37","tear","DThigh"
"64872c98214642b52e4eb12d","37","tear","DTlow"
"64872c98214642b52e4eb12d","37","beer","BPlow"
"64872c98214642b52e4eb12d","38","beer","BPlow"
"64872c98214642b52e4eb12d","38","tear","DThigh"
"64872c98214642b52e4eb12d","38","pier","BPhigh"
"64872c98214642b52e4eb12d","38","deer","DTlow"
"64872c98214642b52e4eb12d","39","deer","DThigh"
"64872c98214642b52e4eb12d","39","beer","BPhigh"
"64872c98214642b52e4eb12d","39","beer","BPlow"
"64872c98214642b52e4eb12d","39","tear","DTlow"
"64870954e16b6315a7d5ea05","10","beer","BPlow"
"64870954e16b6315a7d5ea05","10","deer","DTlow"
"64870954e16b6315a7d5ea05","10","tear","DThigh"
"64870954e16b6315a7d5ea05","11","pier","BPhigh"
"64870954e16b6315a7d5ea05","11","deer","DTlow"
"64870954e16b6315a7d5ea05","11","tear","DThigh"
"64870954e16b6315a7d5ea05","11","beer","BPlow"
"64870954e16b6315a7d5ea05","12","beer","BPlow"
"64870954e16b6315a7d5ea05","12","pier","BPhigh"
"64870954e16b6315a7d5ea05","12","tear","DThigh"
"64870954e16b6315a7d5ea05","12","deer","DTlow"
"64870954e16b6315a7d5ea05","13","beer","BPlow"
"64870954e16b6315a7d5ea05","13","deer","DTlow"
"64870954e16b6315a7d5ea05","13","pier","BPhigh"
"64870954e16b6315a7d5ea05","13","tear","DThigh"
"64870954e16b6315a7d5ea05","14","tear","DTlow"
"64870954e16b6315a7d5ea05","14","pier","BPhigh"
"64870954e16b6315a7d5ea05","14","beer","BPlow"
"64870954e16b6315a7d5ea05","14","tear","DThigh"
"64870954e16b6315a7d5ea05","15","pier","BPhigh"
"64870954e16b6315a7d5ea05","15","beer","BPlow"
"64870954e16b6315a7d5ea05","15","tear","DThigh"
"64870954e16b6315a7d5ea05","15","deer","DTlow"
"64870954e16b6315a7d5ea05","16","pier","BPhigh"
"64870954e16b6315a7d5ea05","16","beer","BPlow"
"64870954e16b6315a7d5ea05","16","tear","DThigh"
"64870954e16b6315a7d5ea05","16","deer","DTlow"
"64870954e16b6315a7d5ea05","17","beer","BPhigh"
"64870954e16b6315a7d5ea05","17","beer","BPlow"
"64870954e16b6315a7d5ea05","17","deer","DTlow"
"64870954e16b6315a7d5ea05","17","tear","DThigh"
"64870954e16b6315a7d5ea05","18","tear","DTlow"
"64870954e16b6315a7d5ea05","18","beer","BPlow"
"64870954e16b6315a7d5ea05","18","tear","DThigh"
"64870954e16b6315a7d5ea05","18","beer","BPhigh"
"64870954e16b6315a7d5ea05","19","beer","BPlow"
"64870954e16b6315a7d5ea05","19","tear","DTlow"
"64870954e16b6315a7d5ea05","19","pier","BPhigh"
"64870954e16b6315a7d5ea05","19","tear","DThigh"
"64870954e16b6315a7d5ea05","20","deer","DTlow"
"64870954e16b6315a7d5ea05","20","pier","BPhigh"
"64870954e16b6315a7d5ea05","20","beer","BPlow"
"64870954e16b6315a7d5ea05","20","tear","DThigh"
"64870954e16b6315a7d5ea05","21","pier","BPhigh"
"64870954e16b6315a7d5ea05","21","beer","BPlow"
"64870954e16b6315a7d5ea05","21","tear","DThigh"
"64870954e16b6315a7d5ea05","21","deer","DTlow"
"64870954e16b6315a7d5ea05","22","deer","DTlow"
"64870954e16b6315a7d5ea05","22","beer","BPlow"
"64870954e16b6315a7d5ea05","22","tear","DThigh"
"64870954e16b6315a7d5ea05","22","pier","BPhigh"
"64870954e16b6315a7d5ea05","23","pier","BPhigh"
"64870954e16b6315a7d5ea05","23","tear","DThigh"
"64870954e16b6315a7d5ea05","23","tear","DTlow"
"64870954e16b6315a7d5ea05","23","beer","BPlow"
"64870954e16b6315a7d5ea05","24","beer","BPhigh"
"64870954e16b6315a7d5ea05","24","beer","BPlow"
"64870954e16b6315a7d5ea05","24","deer","DTlow"
"64870954e16b6315a7d5ea05","24","deer","DThigh"
"64870954e16b6315a7d5ea05","25","beer","BPlow"
"64870954e16b6315a7d5ea05","25","tear","DTlow"
"64870954e16b6315a7d5ea05","25","deer","DThigh"
"64870954e16b6315a7d5ea05","25","pier","BPhigh"
"64870954e16b6315a7d5ea05","26","deer","DThigh"
"64870954e16b6315a7d5ea05","26","pier","BPlow"
"64870954e16b6315a7d5ea05","26","pier","BPhigh"
"64870954e16b6315a7d5ea05","26","deer","DTlow"
"64870954e16b6315a7d5ea05","27","beer","BPhigh"
"64870954e16b6315a7d5ea05","27","tear","DTlow"
"64870954e16b6315a7d5ea05","27","tear","DThigh"
"64870954e16b6315a7d5ea05","27","beer","BPlow"
"64870954e16b6315a7d5ea05","28","tear","DThigh"
"64870954e16b6315a7d5ea05","28","deer","DTlow"
"64870954e16b6315a7d5ea05","28","beer","BPlow"
"64870954e16b6315a7d5ea05","28","pier","BPhigh"
"64870954e16b6315a7d5ea05","29","beer","BPlow"
"64870954e16b6315a7d5ea05","29","deer","DTlow"
"64870954e16b6315a7d5ea05","29","tear","DThigh"
"64870954e16b6315a7d5ea05","29","pier","BPhigh"
"64870954e16b6315a7d5ea05","30","tear","DThigh"
"64870954e16b6315a7d5ea05","30","deer","DTlow"
"64870954e16b6315a7d5ea05","30","pier","BPlow"
"64870954e16b6315a7d5ea05","30","pier","BPhigh"
"64870954e16b6315a7d5ea05","31","pier","BPhigh"
"64870954e16b6315a7d5ea05","31","tear","DThigh"
"64870954e16b6315a7d5ea05","31","deer","DTlow"
"64870954e16b6315a7d5ea05","31","beer","BPlow"
"64870954e16b6315a7d5ea05","32","deer","DTlow"
"64870954e16b6315a7d5ea05","32","tear","DThigh"
"64870954e16b6315a7d5ea05","32","pier","BPhigh"
"64870954e16b6315a7d5ea05","32","beer","BPlow"
"64870954e16b6315a7d5ea05","33","tear","DThigh"
"64870954e16b6315a7d5ea05","33","pier","BPhigh"
"64870954e16b6315a7d5ea05","33","beer","BPlow"
"64870954e16b6315a7d5ea05","33","deer","DTlow"
"64870954e16b6315a7d5ea05","34","beer","BPlow"
"64870954e16b6315a7d5ea05","34","deer","DTlow"
"64870954e16b6315a7d5ea05","34","tear","DThigh"
"64870954e16b6315a7d5ea05","34","pier","BPhigh"
"64870954e16b6315a7d5ea05","35","beer","BPlow"
"64870954e16b6315a7d5ea05","35","pier","BPhigh"
"64870954e16b6315a7d5ea05","35","tear","DThigh"
"64870954e16b6315a7d5ea05","35","deer","DTlow"
"64870954e16b6315a7d5ea05","36","tear","DThigh"
"64870954e16b6315a7d5ea05","36","beer","BPlow"
"64870954e16b6315a7d5ea05","36","deer","DTlow"
"64870954e16b6315a7d5ea05","36","pier","BPhigh"
"64870954e16b6315a7d5ea05","37","beer","BPhigh"
"64870954e16b6315a7d5ea05","37","tear","DTlow"
"64870954e16b6315a7d5ea05","37","tear","DThigh"
"64870954e16b6315a7d5ea05","37","beer","BPlow"
"64870954e16b6315a7d5ea05","38","tear","DThigh"
"64870954e16b6315a7d5ea05","38","deer","DTlow"
"64870954e16b6315a7d5ea05","38","beer","BPlow"
"64870954e16b6315a7d5ea05","39","tear","DThigh"
"64870954e16b6315a7d5ea05","39","pier","BPhigh"
"64870954e16b6315a7d5ea05","39","beer","BPlow"
"64870954e16b6315a7d5ea05","39","tear","DTlow"
"648708fa2ddb791f3b1d5b58","10","pier","BPhigh"
"648708fa2ddb791f3b1d5b58","10","tear","DThigh"
"648708fa2ddb791f3b1d5b58","11","tear","DThigh"
"648708fa2ddb791f3b1d5b58","11","beer","BPlow"
"648708fa2ddb791f3b1d5b58","11","deer","DTlow"
"648708fa2ddb791f3b1d5b58","11","pier","BPhigh"
"648708fa2ddb791f3b1d5b58","12","pier","BPhigh"
"648708fa2ddb791f3b1d5b58","12","tear","DThigh"
"648708fa2ddb791f3b1d5b58","12","beer","BPlow"
"648708fa2ddb791f3b1d5b58","12","deer","DTlow"
"648708fa2ddb791f3b1d5b58","13","deer","DTlow"
"648708fa2ddb791f3b1d5b58","13","tear","DThigh"
"648708fa2ddb791f3b1d5b58","13","beer","BPlow"
"648708fa2ddb791f3b1d5b58","13","pier","BPhigh"
"648708fa2ddb791f3b1d5b58","14","pier","BPhigh"
"648708fa2ddb791f3b1d5b58","14","deer","DThigh"
"648708fa2ddb791f3b1d5b58","14","beer","BPlow"
"648708fa2ddb791f3b1d5b58","14","deer","DTlow"
"648708fa2ddb791f3b1d5b58","15","beer","BPlow"
"648708fa2ddb791f3b1d5b58","15","deer","DThigh"
"648708fa2ddb791f3b1d5b58","15","deer","DTlow"
"648708fa2ddb791f3b1d5b58","15","beer","BPhigh"
"648708fa2ddb791f3b1d5b58","16","pier","BPhigh"
"648708fa2ddb791f3b1d5b58","16","deer","DThigh"
"648708fa2ddb791f3b1d5b58","16","beer","BPlow"
"648708fa2ddb791f3b1d5b58","16","deer","DTlow"
"648708fa2ddb791f3b1d5b58","17","deer","DTlow"
"648708fa2ddb791f3b1d5b58","17","tear","DThigh"
"648708fa2ddb791f3b1d5b58","17","pier","BPhigh"
"648708fa2ddb791f3b1d5b58","17","beer","BPlow"
"648708fa2ddb791f3b1d5b58","18","beer","BPlow"
"648708fa2ddb791f3b1d5b58","18","tear","DThigh"
"648708fa2ddb791f3b1d5b58","18","deer","DTlow"
"648708fa2ddb791f3b1d5b58","18","beer","BPhigh"
"648708fa2ddb791f3b1d5b58","19","deer","DTlow"
"648708fa2ddb791f3b1d5b58","19","beer","BPlow"
"648708fa2ddb791f3b1d5b58","19","pier","BPhigh"
"648708fa2ddb791f3b1d5b58","20","pier","BPhigh"
"648708fa2ddb791f3b1d5b58","20","tear","DThigh"
"648708fa2ddb791f3b1d5b58","20","deer","DTlow"
"648708fa2ddb791f3b1d5b58","20","beer","BPlow"
"648708fa2ddb791f3b1d5b58","21","pier","BPhigh"
"648708fa2ddb791f3b1d5b58","21","beer","BPlow"
"648708fa2ddb791f3b1d5b58","21","tear","DThigh"
"648708fa2ddb791f3b1d5b58","21","deer","DTlow"
"648708fa2ddb791f3b1d5b58","22","pier","BPhigh"
"648708fa2ddb791f3b1d5b58","22","tear","DThigh"
"648708fa2ddb791f3b1d5b58","22","deer","DTlow"
"648708fa2ddb791f3b1d5b58","22","beer","BPlow"
"648708fa2ddb791f3b1d5b58","23","deer","DTlow"
"648708fa2ddb791f3b1d5b58","23","deer","DThigh"
"648708fa2ddb791f3b1d5b58","23","beer","BPlow"
"648708fa2ddb791f3b1d5b58","23","beer","BPhigh"
"648708fa2ddb791f3b1d5b58","24","pier","BPhigh"
"648708fa2ddb791f3b1d5b58","24","tear","DThigh"
"648708fa2ddb791f3b1d5b58","24","deer","DTlow"
"648708fa2ddb791f3b1d5b58","24","beer","BPlow"
"648708fa2ddb791f3b1d5b58","25","tear","DThigh"
"648708fa2ddb791f3b1d5b58","25","pier","BPhigh"
"648708fa2ddb791f3b1d5b58","25","beer","BPlow"
"648708fa2ddb791f3b1d5b58","25","deer","DTlow"
"648708fa2ddb791f3b1d5b58","26","tear","DThigh"
"648708fa2ddb791f3b1d5b58","26","deer","DTlow"
"648708fa2ddb791f3b1d5b58","26","beer","BPhigh"
"648708fa2ddb791f3b1d5b58","26","beer","BPlow"
"648708fa2ddb791f3b1d5b58","27","beer","BPhigh"
"648708fa2ddb791f3b1d5b58","27","beer","BPlow"
"648708fa2ddb791f3b1d5b58","27","deer","DTlow"
"648708fa2ddb791f3b1d5b58","27","tear","DThigh"
"648708fa2ddb791f3b1d5b58","28","beer","BPlow"
"648708fa2ddb791f3b1d5b58","28","beer","BPhigh"
"648708fa2ddb791f3b1d5b58","28","tear","DThigh"
"648708fa2ddb791f3b1d5b58","28","deer","DTlow"
"648708fa2ddb791f3b1d5b58","29","beer","BPlow"
"648708fa2ddb791f3b1d5b58","29","beer","BPhigh"
"648708fa2ddb791f3b1d5b58","29","deer","DTlow"
"648708fa2ddb791f3b1d5b58","29","tear","DThigh"
"648708fa2ddb791f3b1d5b58","30","deer","DThigh"
"648708fa2ddb791f3b1d5b58","30","pier","BPhigh"
"648708fa2ddb791f3b1d5b58","30","beer","BPlow"
"648708fa2ddb791f3b1d5b58","30","deer","DTlow"
"648708fa2ddb791f3b1d5b58","31","beer","BPhigh"
"648708fa2ddb791f3b1d5b58","31","deer","DThigh"
"648708fa2ddb791f3b1d5b58","31","deer","DTlow"
"648708fa2ddb791f3b1d5b58","31","pier","BPlow"
"648708fa2ddb791f3b1d5b58","32","tear","DThigh"
"648708fa2ddb791f3b1d5b58","32","pier","BPhigh"
"648708fa2ddb791f3b1d5b58","32","deer","DTlow"
"648708fa2ddb791f3b1d5b58","32","beer","BPlow"
"648708fa2ddb791f3b1d5b58","33","beer","BPlow"
"648708fa2ddb791f3b1d5b58","33","deer","DTlow"
"648708fa2ddb791f3b1d5b58","33","deer","DThigh"
"648708fa2ddb791f3b1d5b58","33","pier","BPhigh"
"648708fa2ddb791f3b1d5b58","34","beer","BPhigh"
"648708fa2ddb791f3b1d5b58","34","tear","DThigh"
"648708fa2ddb791f3b1d5b58","34","deer","DTlow"
"648708fa2ddb791f3b1d5b58","34","beer","BPlow"
"648708fa2ddb791f3b1d5b58","35","deer","DTlow"
"648708fa2ddb791f3b1d5b58","35","pier","BPhigh"
"648708fa2ddb791f3b1d5b58","35","tear","DThigh"
"648708fa2ddb791f3b1d5b58","35","beer","BPlow"
"648708fa2ddb791f3b1d5b58","36","beer","BPlow"
"648708fa2ddb791f3b1d5b58","36","deer","DThigh"
"648708fa2ddb791f3b1d5b58","36","beer","BPhigh"
"648708fa2ddb791f3b1d5b58","36","deer","DTlow"
"648708fa2ddb791f3b1d5b58","37","pier","BPhigh"
"648708fa2ddb791f3b1d5b58","37","tear","DThigh"
"648708fa2ddb791f3b1d5b58","37","deer","DTlow"
"648708fa2ddb791f3b1d5b58","37","beer","BPlow"
"648708fa2ddb791f3b1d5b58","38","beer","BPlow"
"648708fa2ddb791f3b1d5b58","38","beer","BPhigh"
"648708fa2ddb791f3b1d5b58","38","tear","DThigh"
"648708fa2ddb791f3b1d5b58","38","deer","DTlow"
"648708fa2ddb791f3b1d5b58","39","pier","BPhigh"
"648708fa2ddb791f3b1d5b58","39","pier","BPlow"
"648708fa2ddb791f3b1d5b58","39","deer","DTlow"
"648708fa2ddb791f3b1d5b58","39","tear","DThigh"
"64870cbb2769481e3c6fb04d","10","pier","BPhigh"
"64870cbb2769481e3c6fb04d","10","deer","DTlow"
"64870cbb2769481e3c6fb04d","10","tear","DThigh"
"64870cbb2769481e3c6fb04d","10","beer","BPlow"
"64870cbb2769481e3c6fb04d","11","pier","BPhigh"
"64870cbb2769481e3c6fb04d","11","deer","DTlow"
"64870cbb2769481e3c6fb04d","11","tear","DThigh"
"64870cbb2769481e3c6fb04d","11","beer","BPlow"
"64870cbb2769481e3c6fb04d","12","pier","BPhigh"
"64870cbb2769481e3c6fb04d","12","tear","DThigh"
"64870cbb2769481e3c6fb04d","12","deer","DTlow"
"64870cbb2769481e3c6fb04d","12","beer","BPlow"
"64870cbb2769481e3c6fb04d","13","tear","DThigh"
"64870cbb2769481e3c6fb04d","13","deer","DTlow"
"64870cbb2769481e3c6fb04d","13","pier","BPhigh"
"64870cbb2769481e3c6fb04d","13","beer","BPlow"
"64870cbb2769481e3c6fb04d","14","tear","DThigh"
"64870cbb2769481e3c6fb04d","14","pier","BPhigh"
"64870cbb2769481e3c6fb04d","14","beer","BPlow"
"64870cbb2769481e3c6fb04d","14","tear","DTlow"
"64870cbb2769481e3c6fb04d","15","beer","BPlow"
"64870cbb2769481e3c6fb04d","15","pier","BPhigh"
"64870cbb2769481e3c6fb04d","15","tear","DThigh"
"64870cbb2769481e3c6fb04d","15","tear","DTlow"
"64870cbb2769481e3c6fb04d","16","deer","DTlow"
"64870cbb2769481e3c6fb04d","16","beer","BPlow"
"64870cbb2769481e3c6fb04d","16","pier","BPhigh"
"64870cbb2769481e3c6fb04d","16","tear","DThigh"
"64870cbb2769481e3c6fb04d","17","deer","DTlow"
"64870cbb2769481e3c6fb04d","17","beer","BPlow"
"64870cbb2769481e3c6fb04d","17","pier","BPhigh"
"64870cbb2769481e3c6fb04d","17","tear","DThigh"
"64870cbb2769481e3c6fb04d","18","deer","DTlow"
"64870cbb2769481e3c6fb04d","18","tear","DThigh"
"64870cbb2769481e3c6fb04d","18","pier","BPhigh"
"64870cbb2769481e3c6fb04d","18","beer","BPlow"
"64870cbb2769481e3c6fb04d","19","pier","BPlow"
"64870cbb2769481e3c6fb04d","19","deer","DTlow"
"64870cbb2769481e3c6fb04d","19","tear","DThigh"
"64870cbb2769481e3c6fb04d","19","pier","BPhigh"
"64870cbb2769481e3c6fb04d","20","deer","DTlow"
"64870cbb2769481e3c6fb04d","20","pier","BPhigh"
"64870cbb2769481e3c6fb04d","20","beer","BPlow"
"64870cbb2769481e3c6fb04d","20","tear","DThigh"
"64870cbb2769481e3c6fb04d","21","beer","BPlow"
"64870cbb2769481e3c6fb04d","21","tear","DThigh"
"64870cbb2769481e3c6fb04d","21","deer","DTlow"
"64870cbb2769481e3c6fb04d","21","pier","BPhigh"
"64870cbb2769481e3c6fb04d","22","deer","DTlow"
"64870cbb2769481e3c6fb04d","22","tear","DThigh"
"64870cbb2769481e3c6fb04d","22","beer","BPlow"
"64870cbb2769481e3c6fb04d","22","pier","BPhigh"
"64870cbb2769481e3c6fb04d","23","tear","DThigh"
"64870cbb2769481e3c6fb04d","23","pier","BPlow"
"64870cbb2769481e3c6fb04d","23","deer","DTlow"
"64870cbb2769481e3c6fb04d","23","pier","BPhigh"
"64870cbb2769481e3c6fb04d","24","tear","DThigh"
"64870cbb2769481e3c6fb04d","24","deer","DTlow"
"64870cbb2769481e3c6fb04d","24","pier","BPhigh"
"64870cbb2769481e3c6fb04d","24","beer","BPlow"
"64870cbb2769481e3c6fb04d","25","deer","DTlow"
"64870cbb2769481e3c6fb04d","25","pier","BPhigh"
"64870cbb2769481e3c6fb04d","25","beer","BPlow"
"64870cbb2769481e3c6fb04d","25","tear","DThigh"
"64870cbb2769481e3c6fb04d","26","pier","BPhigh"
"64870cbb2769481e3c6fb04d","26","beer","BPlow"
"64870cbb2769481e3c6fb04d","26","tear","DThigh"
"64870cbb2769481e3c6fb04d","26","deer","DTlow"
"64870cbb2769481e3c6fb04d","27","pier","BPhigh"
"64870cbb2769481e3c6fb04d","27","pier","BPlow"
"64870cbb2769481e3c6fb04d","27","deer","DTlow"
"64870cbb2769481e3c6fb04d","27","tear","DThigh"
"64870cbb2769481e3c6fb04d","28","deer","DTlow"
"64870cbb2769481e3c6fb04d","28","pier","BPhigh"
"64870cbb2769481e3c6fb04d","28","tear","DThigh"
"64870cbb2769481e3c6fb04d","28","beer","BPlow"
"64870cbb2769481e3c6fb04d","29","pier","BPhigh"
"64870cbb2769481e3c6fb04d","29","beer","BPlow"
"64870cbb2769481e3c6fb04d","29","tear","DThigh"
"64870cbb2769481e3c6fb04d","29","deer","DTlow"
"64870cbb2769481e3c6fb04d","30","deer","DTlow"
"64870cbb2769481e3c6fb04d","30","pier","BPhigh"
"64870cbb2769481e3c6fb04d","30","beer","BPlow"
"64870cbb2769481e3c6fb04d","30","tear","DThigh"
"64870cbb2769481e3c6fb04d","31","deer","DTlow"
"64870cbb2769481e3c6fb04d","31","tear","DThigh"
"64870cbb2769481e3c6fb04d","31","pier","BPlow"
"64870cbb2769481e3c6fb04d","31","pier","BPhigh"
"64870cbb2769481e3c6fb04d","32","beer","BPlow"
"64870cbb2769481e3c6fb04d","32","pier","BPhigh"
"64870cbb2769481e3c6fb04d","32","deer","DTlow"
"64870cbb2769481e3c6fb04d","32","tear","DThigh"
"64870cbb2769481e3c6fb04d","33","tear","DThigh"
"64870cbb2769481e3c6fb04d","33","beer","BPlow"
"64870cbb2769481e3c6fb04d","33","pier","BPhigh"
"64870cbb2769481e3c6fb04d","33","deer","DTlow"
"64870cbb2769481e3c6fb04d","34","pier","BPhigh"
"64870cbb2769481e3c6fb04d","34","tear","DThigh"
"64870cbb2769481e3c6fb04d","34","deer","DTlow"
"64870cbb2769481e3c6fb04d","34","beer","BPlow"
"64870cbb2769481e3c6fb04d","35","pier","BPhigh"
"64870cbb2769481e3c6fb04d","35","pier","BPlow"
"64870cbb2769481e3c6fb04d","35","tear","DThigh"
"64870cbb2769481e3c6fb04d","35","deer","DTlow"
"64870cbb2769481e3c6fb04d","36","tear","DTlow"
"64870cbb2769481e3c6fb04d","36","pier","BPlow"
"64870cbb2769481e3c6fb04d","36","tear","DThigh"
"64870cbb2769481e3c6fb04d","36","pier","BPhigh"
"64870cbb2769481e3c6fb04d","37","tear","DTlow"
"64870cbb2769481e3c6fb04d","37","pier","BPhigh"
"64870cbb2769481e3c6fb04d","37","tear","DThigh"
"64870cbb2769481e3c6fb04d","37","beer","BPlow"
"64870cbb2769481e3c6fb04d","38","beer","BPlow"
"64870cbb2769481e3c6fb04d","38","pier","BPhigh"
"64870cbb2769481e3c6fb04d","38","tear","DTlow"
"64870cbb2769481e3c6fb04d","38","tear","DThigh"
"64870cbb2769481e3c6fb04d","39","deer","DTlow"
"64870cbb2769481e3c6fb04d","39","pier","BPlow"
"64870cbb2769481e3c6fb04d","39","pier","BPhigh"
"64870cbb2769481e3c6fb04d","39","deer","DThigh"
"64870cd2e9ea8c9e102c52be","10","pier","BPhigh"
"64870cd2e9ea8c9e102c52be","10","deer","DTlow"
"64870cd2e9ea8c9e102c52be","10","beer","BPlow"
"64870cd2e9ea8c9e102c52be","10","tear","DThigh"
"64870cd2e9ea8c9e102c52be","11","deer","DTlow"
"64870cd2e9ea8c9e102c52be","11","pier","BPhigh"
"64870cd2e9ea8c9e102c52be","11","beer","BPlow"
"64870cd2e9ea8c9e102c52be","11","deer","DThigh"
"64870cd2e9ea8c9e102c52be","12","deer","DTlow"
"64870cd2e9ea8c9e102c52be","12","tear","DThigh"
"64870cd2e9ea8c9e102c52be","12","beer","BPlow"
"64870cd2e9ea8c9e102c52be","12","pier","BPhigh"
"64870cd2e9ea8c9e102c52be","13","pier","BPhigh"
"64870cd2e9ea8c9e102c52be","13","deer","DTlow"
"64870cd2e9ea8c9e102c52be","13","tear","DThigh"
"64870cd2e9ea8c9e102c52be","13","beer","BPlow"
"64870cd2e9ea8c9e102c52be","14","deer","DThigh"
"64870cd2e9ea8c9e102c52be","14","pier","BPhigh"
"64870cd2e9ea8c9e102c52be","14","deer","DTlow"
"64870cd2e9ea8c9e102c52be","14","beer","BPlow"
"64870cd2e9ea8c9e102c52be","15","tear","DThigh"
"64870cd2e9ea8c9e102c52be","15","beer","BPlow"
"64870cd2e9ea8c9e102c52be","15","deer","DTlow"
"64870cd2e9ea8c9e102c52be","15","pier","BPhigh"
"64870cd2e9ea8c9e102c52be","16","tear","DThigh"
"64870cd2e9ea8c9e102c52be","16","pier","BPhigh"
"64870cd2e9ea8c9e102c52be","16","beer","BPlow"
"64870cd2e9ea8c9e102c52be","16","deer","DTlow"
"64870cd2e9ea8c9e102c52be","17","pier","BPhigh"
"64870cd2e9ea8c9e102c52be","17","beer","BPlow"
"64870cd2e9ea8c9e102c52be","17","tear","DThigh"
"64870cd2e9ea8c9e102c52be","17","deer","DTlow"
"64870cd2e9ea8c9e102c52be","18","tear","DThigh"
"64870cd2e9ea8c9e102c52be","18","beer","BPlow"
"64870cd2e9ea8c9e102c52be","18","beer","BPhigh"
"64870cd2e9ea8c9e102c52be","18","deer","DTlow"
"64870cd2e9ea8c9e102c52be","19","beer","BPlow"
"64870cd2e9ea8c9e102c52be","19","tear","DThigh"
"64870cd2e9ea8c9e102c52be","19","pier","BPhigh"
"64870cd2e9ea8c9e102c52be","19","deer","DTlow"
"64870cd2e9ea8c9e102c52be","20","beer","BPlow"
"64870cd2e9ea8c9e102c52be","20","deer","DTlow"
"64870cd2e9ea8c9e102c52be","20","tear","DThigh"
"64870cd2e9ea8c9e102c52be","20","pier","BPhigh"
"64870cd2e9ea8c9e102c52be","21","pier","BPhigh"
"64870cd2e9ea8c9e102c52be","21","deer","DTlow"
"64870cd2e9ea8c9e102c52be","21","beer","BPlow"
"64870cd2e9ea8c9e102c52be","21","deer","DThigh"
"64870cd2e9ea8c9e102c52be","22","beer","BPlow"
"64870cd2e9ea8c9e102c52be","22","pier","BPhigh"
"64870cd2e9ea8c9e102c52be","22","deer","DTlow"
"64870cd2e9ea8c9e102c52be","22","deer","DThigh"
"64870cd2e9ea8c9e102c52be","23","pier","BPhigh"
"64870cd2e9ea8c9e102c52be","23","beer","BPlow"
"64870cd2e9ea8c9e102c52be","23","deer","DTlow"
"64870cd2e9ea8c9e102c52be","23","tear","DThigh"
"64870cd2e9ea8c9e102c52be","24","beer","BPhigh"
"64870cd2e9ea8c9e102c52be","24","beer","BPlow"
"64870cd2e9ea8c9e102c52be","24","deer","DTlow"
"64870cd2e9ea8c9e102c52be","24","deer","DThigh"
"64870cd2e9ea8c9e102c52be","25","deer","DThigh"
"64870cd2e9ea8c9e102c52be","25","deer","DTlow"
"64870cd2e9ea8c9e102c52be","25","beer","BPlow"
"64870cd2e9ea8c9e102c52be","25","beer","BPhigh"
"64870cd2e9ea8c9e102c52be","26","beer","BPlow"
"64870cd2e9ea8c9e102c52be","26","deer","DTlow"
"64870cd2e9ea8c9e102c52be","26","deer","DThigh"
"64870cd2e9ea8c9e102c52be","26","pier","BPhigh"
"64870cd2e9ea8c9e102c52be","27","deer","DTlow"
"64870cd2e9ea8c9e102c52be","27","deer","DThigh"
"64870cd2e9ea8c9e102c52be","27","beer","BPlow"
"64870cd2e9ea8c9e102c52be","27","pier","BPhigh"
"64870cd2e9ea8c9e102c52be","28","beer","BPlow"
"64870cd2e9ea8c9e102c52be","28","tear","DThigh"
"64870cd2e9ea8c9e102c52be","28","pier","BPhigh"
"64870cd2e9ea8c9e102c52be","28","deer","DTlow"
"64870cd2e9ea8c9e102c52be","29","pier","BPhigh"
"64870cd2e9ea8c9e102c52be","29","deer","DThigh"
"64870cd2e9ea8c9e102c52be","29","beer","BPlow"
"64870cd2e9ea8c9e102c52be","29","deer","DTlow"
"64870cd2e9ea8c9e102c52be","30","deer","DTlow"
"64870cd2e9ea8c9e102c52be","30","beer","BPlow"
"64870cd2e9ea8c9e102c52be","30","beer","BPhigh"
"64870cd2e9ea8c9e102c52be","30","deer","DThigh"
"64870cd2e9ea8c9e102c52be","31","beer","BPlow"
"64870cd2e9ea8c9e102c52be","31","tear","DThigh"
"64870cd2e9ea8c9e102c52be","31","deer","DTlow"
"64870cd2e9ea8c9e102c52be","31","pier","BPhigh"
"64870cd2e9ea8c9e102c52be","32","beer","BPlow"
"64870cd2e9ea8c9e102c52be","32","deer","DTlow"
"64870cd2e9ea8c9e102c52be","32","deer","DThigh"
"64870cd2e9ea8c9e102c52be","32","pier","BPhigh"
"64870cd2e9ea8c9e102c52be","33","beer","BPlow"
"64870cd2e9ea8c9e102c52be","33","deer","DThigh"
"64870cd2e9ea8c9e102c52be","33","pier","BPhigh"
"64870cd2e9ea8c9e102c52be","33","deer","DTlow"
"64870cd2e9ea8c9e102c52be","34","pier","BPhigh"
"64870cd2e9ea8c9e102c52be","34","deer","DTlow"
"64870cd2e9ea8c9e102c52be","34","beer","BPlow"
"64870cd2e9ea8c9e102c52be","34","deer","DThigh"
"64870cd2e9ea8c9e102c52be","35","beer","BPlow"
"64870cd2e9ea8c9e102c52be","35","deer","DThigh"
"64870cd2e9ea8c9e102c52be","35","pier","BPhigh"
"64870cd2e9ea8c9e102c52be","35","deer","DTlow"
"64870cd2e9ea8c9e102c52be","36","deer","DTlow"
"64870cd2e9ea8c9e102c52be","36","pier","BPhigh"
"64870cd2e9ea8c9e102c52be","36","beer","BPlow"
"64870cd2e9ea8c9e102c52be","36","tear","DThigh"
"64870cd2e9ea8c9e102c52be","37","tear","DThigh"
"64870cd2e9ea8c9e102c52be","37","beer","BPlow"
"64870cd2e9ea8c9e102c52be","37","beer","BPhigh"
"64870cd2e9ea8c9e102c52be","37","deer","DTlow"
"64870cd2e9ea8c9e102c52be","38","deer","DThigh"
"64870cd2e9ea8c9e102c52be","38","deer","DTlow"
"64870cd2e9ea8c9e102c52be","38","pier","BPhigh"
"64870cd2e9ea8c9e102c52be","38","beer","BPlow"
"64870cd2e9ea8c9e102c52be","39","deer","DTlow"
"64870cd2e9ea8c9e102c52be","39","beer","BPlow"
"64870cd2e9ea8c9e102c52be","39","pier","BPhigh"
"64870cd2e9ea8c9e102c52be","39","tear","DThigh"
"64870a15c4fed739e7dd4e36","10","beer","BPlow"
"64870a15c4fed739e7dd4e36","10","pier","BPhigh"
"64870a15c4fed739e7dd4e36","10","deer","DTlow"
"64870a15c4fed739e7dd4e36","10","tear","DThigh"
"64870a15c4fed739e7dd4e36","11","deer","DTlow"
"64870a15c4fed739e7dd4e36","11","beer","BPlow"
"64870a15c4fed739e7dd4e36","11","tear","DThigh"
"64870a15c4fed739e7dd4e36","11","pier","BPhigh"
"64870a15c4fed739e7dd4e36","12","pier","BPhigh"
"64870a15c4fed739e7dd4e36","12","beer","BPlow"
"64870a15c4fed739e7dd4e36","12","deer","DTlow"
"64870a15c4fed739e7dd4e36","12","tear","DThigh"
"64870a15c4fed739e7dd4e36","13","beer","BPlow"
"64870a15c4fed739e7dd4e36","13","tear","DThigh"
"64870a15c4fed739e7dd4e36","13","beer","BPhigh"
"64870a15c4fed739e7dd4e36","13","deer","DTlow"
"64870a15c4fed739e7dd4e36","14","beer","BPlow"
"64870a15c4fed739e7dd4e36","14","deer","DTlow"
"64870a15c4fed739e7dd4e36","14","beer","BPhigh"
"64870a15c4fed739e7dd4e36","14","tear","DThigh"
"64870a15c4fed739e7dd4e36","15","beer","BPlow"
"64870a15c4fed739e7dd4e36","15","tear","DThigh"
"64870a15c4fed739e7dd4e36","15","deer","DTlow"
"64870a15c4fed739e7dd4e36","15","pier","BPhigh"
"64870a15c4fed739e7dd4e36","16","pier","BPhigh"
"64870a15c4fed739e7dd4e36","16","tear","DThigh"
"64870a15c4fed739e7dd4e36","16","beer","BPlow"
"64870a15c4fed739e7dd4e36","16","deer","DTlow"
"64870a15c4fed739e7dd4e36","17","tear","DThigh"
"64870a15c4fed739e7dd4e36","17","beer","BPlow"
"64870a15c4fed739e7dd4e36","17","deer","DTlow"
"64870a15c4fed739e7dd4e36","17","pier","BPhigh"
"64870a15c4fed739e7dd4e36","18","pier","BPhigh"
"64870a15c4fed739e7dd4e36","18","deer","DThigh"
"64870a15c4fed739e7dd4e36","18","deer","DTlow"
"64870a15c4fed739e7dd4e36","18","beer","BPlow"
"64870a15c4fed739e7dd4e36","19","deer","DTlow"
"64870a15c4fed739e7dd4e36","19","beer","BPlow"
"64870a15c4fed739e7dd4e36","19","tear","DThigh"
"64870a15c4fed739e7dd4e36","19","pier","BPhigh"
"64870a15c4fed739e7dd4e36","20","deer","DTlow"
"64870a15c4fed739e7dd4e36","20","tear","DThigh"
"64870a15c4fed739e7dd4e36","20","beer","BPlow"
"64870a15c4fed739e7dd4e36","20","pier","BPhigh"
"64870a15c4fed739e7dd4e36","21","tear","DTlow"
"64870a15c4fed739e7dd4e36","21","tear","DThigh"
"64870a15c4fed739e7dd4e36","21","pier","BPhigh"
"64870a15c4fed739e7dd4e36","21","beer","BPlow"
"64870a15c4fed739e7dd4e36","22","beer","BPlow"
"64870a15c4fed739e7dd4e36","22","pier","BPhigh"
"64870a15c4fed739e7dd4e36","22","deer","DTlow"
"64870a15c4fed739e7dd4e36","22","tear","DThigh"
"64870a15c4fed739e7dd4e36","23","deer","DTlow"
"64870a15c4fed739e7dd4e36","23","tear","DThigh"
"64870a15c4fed739e7dd4e36","23","pier","BPhigh"
"64870a15c4fed739e7dd4e36","23","beer","BPlow"
"64870a15c4fed739e7dd4e36","24","beer","BPhigh"
"64870a15c4fed739e7dd4e36","24","beer","BPlow"
"64870a15c4fed739e7dd4e36","24","tear","DThigh"
"64870a15c4fed739e7dd4e36","24","deer","DTlow"
"64870a15c4fed739e7dd4e36","25","pier","BPhigh"
"64870a15c4fed739e7dd4e36","25","deer","DTlow"
"64870a15c4fed739e7dd4e36","25","tear","DThigh"
"64870a15c4fed739e7dd4e36","25","beer","BPlow"
"64870a15c4fed739e7dd4e36","26","deer","DThigh"
"64870a15c4fed739e7dd4e36","26","tear","DTlow"
"64870a15c4fed739e7dd4e36","26","beer","BPlow"
"64870a15c4fed739e7dd4e36","26","pier","BPhigh"
"64870a15c4fed739e7dd4e36","27","deer","DTlow"
"64870a15c4fed739e7dd4e36","27","pier","BPhigh"
"64870a15c4fed739e7dd4e36","27","tear","DThigh"
"64870a15c4fed739e7dd4e36","27","beer","BPlow"
"64870a15c4fed739e7dd4e36","28","pier","BPhigh"
"64870a15c4fed739e7dd4e36","28","deer","DTlow"
"64870a15c4fed739e7dd4e36","28","tear","DThigh"
"64870a15c4fed739e7dd4e36","28","beer","BPlow"
"64870a15c4fed739e7dd4e36","29","pier","BPhigh"
"64870a15c4fed739e7dd4e36","29","tear","DThigh"
"64870a15c4fed739e7dd4e36","29","deer","DTlow"
"64870a15c4fed739e7dd4e36","29","beer","BPlow"
"64870a15c4fed739e7dd4e36","30","beer","BPlow"
"64870a15c4fed739e7dd4e36","30","deer","DTlow"
"64870a15c4fed739e7dd4e36","30","pier","BPhigh"
"64870a15c4fed739e7dd4e36","30","tear","DThigh"
"64870a15c4fed739e7dd4e36","31","beer","BPlow"
"64870a15c4fed739e7dd4e36","31","beer","BPhigh"
"64870a15c4fed739e7dd4e36","31","deer","DTlow"
"64870a15c4fed739e7dd4e36","31","tear","DThigh"
"64870a15c4fed739e7dd4e36","32","beer","BPlow"
"64870a15c4fed739e7dd4e36","32","beer","BPhigh"
"64870a15c4fed739e7dd4e36","32","tear","DThigh"
"64870a15c4fed739e7dd4e36","32","deer","DTlow"
"64870a15c4fed739e7dd4e36","33","beer","BPlow"
"64870a15c4fed739e7dd4e36","33","tear","DThigh"
"64870a15c4fed739e7dd4e36","33","beer","BPhigh"
"64870a15c4fed739e7dd4e36","33","deer","DTlow"
"64870a15c4fed739e7dd4e36","34","deer","DTlow"
"64870a15c4fed739e7dd4e36","34","beer","BPlow"
"64870a15c4fed739e7dd4e36","34","tear","DThigh"
"64870a15c4fed739e7dd4e36","34","pier","BPhigh"
"64870a15c4fed739e7dd4e36","35","tear","DThigh"
"64870a15c4fed739e7dd4e36","35","pier","BPhigh"
"64870a15c4fed739e7dd4e36","35","deer","DTlow"
"64870a15c4fed739e7dd4e36","35","beer","BPlow"
"64870a15c4fed739e7dd4e36","36","tear","DThigh"
"64870a15c4fed739e7dd4e36","36","deer","DTlow"
"64870a15c4fed739e7dd4e36","36","pier","BPhigh"
"64870a15c4fed739e7dd4e36","36","beer","BPlow"
"64870a15c4fed739e7dd4e36","37","beer","BPlow"
"64870a15c4fed739e7dd4e36","37","tear","DTlow"
"64870a15c4fed739e7dd4e36","37","tear","DThigh"
"64870a15c4fed739e7dd4e36","37","beer","BPhigh"
"64870a15c4fed739e7dd4e36","38","beer","BPhigh"
"64870a15c4fed739e7dd4e36","38","deer","DTlow"
"64870a15c4fed739e7dd4e36","38","tear","DThigh"
"64870a15c4fed739e7dd4e36","38","beer","BPlow"
"64870a15c4fed739e7dd4e36","39","tear","DThigh"
"64870a15c4fed739e7dd4e36","39","deer","DTlow"
"64870a15c4fed739e7dd4e36","39","beer","BPlow"
"64870a15c4fed739e7dd4e36","39","pier","BPhigh"
"64870d371132814f11a88948","10","pier","BPhigh"
"64870d371132814f11a88948","10","beer","BPlow"
"64870d371132814f11a88948","11","pier","BPhigh"
"64870d371132814f11a88948","11","tear","DThigh"
"64870d371132814f11a88948","11","tear","DTlow"
"64870d371132814f11a88948","11","beer","BPlow"
"64870d371132814f11a88948","12","beer","BPhigh"
"64870d371132814f11a88948","12","beer","BPlow"
"64870d371132814f11a88948","12","tear","DThigh"
"64870d371132814f11a88948","12","tear","DTlow"
"64870d371132814f11a88948","13","pier","BPhigh"
"64870d371132814f11a88948","13","tear","DThigh"
"64870d371132814f11a88948","13","tear","DTlow"
"64870d371132814f11a88948","13","beer","BPlow"
"64870d371132814f11a88948","14","tear","DThigh"
"64870d371132814f11a88948","14","beer","BPlow"
"64870d371132814f11a88948","14","tear","DTlow"
"64870d371132814f11a88948","14","pier","BPhigh"
"64870d371132814f11a88948","15","tear","DThigh"
"64870d371132814f11a88948","15","beer","BPlow"
"64870d371132814f11a88948","15","tear","DTlow"
"64870d371132814f11a88948","15","pier","BPhigh"
"64870d371132814f11a88948","16","beer","BPlow"
"64870d371132814f11a88948","16","deer","DThigh"
"64870d371132814f11a88948","16","beer","BPhigh"
"64870d371132814f11a88948","16","tear","DTlow"
"64870d371132814f11a88948","17","deer","DThigh"
"64870d371132814f11a88948","17","beer","BPlow"
"64870d371132814f11a88948","17","deer","DTlow"
"64870d371132814f11a88948","17","beer","BPhigh"
"64870d371132814f11a88948","18","beer","BPhigh"
"64870d371132814f11a88948","18","deer","DTlow"
"64870d371132814f11a88948","18","deer","DThigh"
"64870d371132814f11a88948","18","beer","BPlow"
"64870d371132814f11a88948","19","tear","DTlow"
"64870d371132814f11a88948","19","tear","DThigh"
"64870d371132814f11a88948","19","beer","BPhigh"
"64870d371132814f11a88948","19","beer","BPlow"
"64870d371132814f11a88948","20","beer","BPhigh"
"64870d371132814f11a88948","20","deer","DTlow"
"64870d371132814f11a88948","20","beer","BPlow"
"64870d371132814f11a88948","21","tear","DThigh"
"64870d371132814f11a88948","21","beer","BPlow"
"64870d371132814f11a88948","21","beer","BPhigh"
"64870d371132814f11a88948","21","deer","DTlow"
"64870d371132814f11a88948","22","beer","BPlow"
"64870d371132814f11a88948","22","tear","DThigh"
"64870d371132814f11a88948","22","beer","BPhigh"
"64870d371132814f11a88948","22","deer","DTlow"
"64870d371132814f11a88948","23","deer","DTlow"
"64870d371132814f11a88948","23","tear","DThigh"
"64870d371132814f11a88948","23","pier","BPhigh"
"64870d371132814f11a88948","23","beer","BPlow"
"64870d371132814f11a88948","24","beer","BPhigh"
"64870d371132814f11a88948","24","beer","BPlow"
"64870d371132814f11a88948","24","deer","DThigh"
"64870d371132814f11a88948","24","deer","DTlow"
"64870d371132814f11a88948","25","beer","BPhigh"
"64870d371132814f11a88948","25","deer","DTlow"
"64870d371132814f11a88948","25","beer","BPlow"
"64870d371132814f11a88948","25","tear","DThigh"
"64870d371132814f11a88948","26","beer","BPlow"
"64870d371132814f11a88948","26","tear","DTlow"
"64870d371132814f11a88948","26","beer","BPhigh"
"64870d371132814f11a88948","26","tear","DThigh"
"64870d371132814f11a88948","27","pier","BPhigh"
"64870d371132814f11a88948","27","tear","DThigh"
"64870d371132814f11a88948","27","beer","BPlow"
"64870d371132814f11a88948","27","deer","DTlow"
"64870d371132814f11a88948","28","beer","BPlow"
"64870d371132814f11a88948","28","pier","BPhigh"
"64870d371132814f11a88948","28","deer","DTlow"
"64870d371132814f11a88948","28","deer","DThigh"
"64870d371132814f11a88948","29","beer","BPhigh"
"64870d371132814f11a88948","29","deer","DTlow"
"64870d371132814f11a88948","29","deer","DThigh"
"64870d371132814f11a88948","29","beer","BPlow"
"64870d371132814f11a88948","30","deer","DThigh"
"64870d371132814f11a88948","30","beer","BPlow"
"64870d371132814f11a88948","30","deer","DTlow"
"64870d371132814f11a88948","30","beer","BPhigh"
"64870d371132814f11a88948","31","beer","BPlow"
"64870d371132814f11a88948","31","tear","DThigh"
"64870d371132814f11a88948","31","tear","DTlow"
"64870d371132814f11a88948","31","beer","BPhigh"
"64870d371132814f11a88948","32","tear","DTlow"
"64870d371132814f11a88948","32","beer","BPlow"
"64870d371132814f11a88948","32","tear","DThigh"
"64870d371132814f11a88948","32","beer","BPhigh"
"64870d371132814f11a88948","33","deer","DTlow"
"64870d371132814f11a88948","33","pier","BPhigh"
"64870d371132814f11a88948","33","beer","BPlow"
"64870d371132814f11a88948","33","deer","DThigh"
"64870d371132814f11a88948","34","beer","BPhigh"
"64870d371132814f11a88948","34","beer","BPlow"
"64870d371132814f11a88948","34","deer","DTlow"
"64870d371132814f11a88948","34","deer","DThigh"
"64870d371132814f11a88948","35","pier","BPhigh"
"64870d371132814f11a88948","35","deer","DTlow"
"64870d371132814f11a88948","35","deer","DThigh"
"64870d371132814f11a88948","35","beer","BPlow"
"64870d371132814f11a88948","36","pier","BPhigh"
"64870d371132814f11a88948","36","deer","DTlow"
"64870d371132814f11a88948","36","tear","DThigh"
"64870d371132814f11a88948","36","beer","BPlow"
"64870d371132814f11a88948","37","pier","BPhigh"
"64870d371132814f11a88948","37","tear","DThigh"
"64870d371132814f11a88948","37","tear","DTlow"
"64870d371132814f11a88948","37","beer","BPlow"
"64870d371132814f11a88948","38","deer","DThigh"
"64870d371132814f11a88948","38","beer","BPlow"
"64870d371132814f11a88948","38","deer","DTlow"
"64870d371132814f11a88948","38","pier","BPhigh"
"64870d371132814f11a88948","39","pier","BPhigh"
"64870d371132814f11a88948","39","deer","DTlow"
"64870d371132814f11a88948","39","beer","BPlow"
"64870c0ddfe4f0fad2e69bad","10","tear","DTlow"
"64870c0ddfe4f0fad2e69bad","10","pier","BPhigh"
"64870c0ddfe4f0fad2e69bad","10","tear","DThigh"
"64870c0ddfe4f0fad2e69bad","10","beer","BPlow"
"64870c0ddfe4f0fad2e69bad","11","tear","DTlow"
"64870c0ddfe4f0fad2e69bad","11","tear","DThigh"
"64870c0ddfe4f0fad2e69bad","11","pier","BPlow"
"64870c0ddfe4f0fad2e69bad","11","pier","BPhigh"
"64870c0ddfe4f0fad2e69bad","12","tear","DThigh"
"64870c0ddfe4f0fad2e69bad","12","tear","DTlow"
"64870c0ddfe4f0fad2e69bad","12","pier","BPlow"
"64870c0ddfe4f0fad2e69bad","12","pier","BPhigh"
"64870c0ddfe4f0fad2e69bad","13","tear","DTlow"
"64870c0ddfe4f0fad2e69bad","13","beer","BPlow"
"64870c0ddfe4f0fad2e69bad","13","pier","BPhigh"
"64870c0ddfe4f0fad2e69bad","13","tear","DThigh"
"64870c0ddfe4f0fad2e69bad","14","tear","DThigh"
"64870c0ddfe4f0fad2e69bad","14","tear","DTlow"
"64870c0ddfe4f0fad2e69bad","14","beer","BPlow"
"64870c0ddfe4f0fad2e69bad","14","pier","BPhigh"
"64870c0ddfe4f0fad2e69bad","15","tear","DTlow"
"64870c0ddfe4f0fad2e69bad","15","beer","BPlow"
"64870c0ddfe4f0fad2e69bad","15","tear","DThigh"
"64870c0ddfe4f0fad2e69bad","15","pier","BPhigh"
"64870c0ddfe4f0fad2e69bad","16","tear","DThigh"
"64870c0ddfe4f0fad2e69bad","16","beer","BPlow"
"64870c0ddfe4f0fad2e69bad","16","tear","DTlow"
"64870c0ddfe4f0fad2e69bad","16","pier","BPhigh"
"64870c0ddfe4f0fad2e69bad","17","beer","BPlow"
"64870c0ddfe4f0fad2e69bad","17","pier","BPhigh"
"64870c0ddfe4f0fad2e69bad","17","tear","DThigh"
"64870c0ddfe4f0fad2e69bad","17","tear","DTlow"
"64870c0ddfe4f0fad2e69bad","18","tear","DTlow"
"64870c0ddfe4f0fad2e69bad","18","tear","DThigh"
"64870c0ddfe4f0fad2e69bad","18","beer","BPlow"
"64870c0ddfe4f0fad2e69bad","18","pier","BPhigh"
"64870c0ddfe4f0fad2e69bad","19","tear","DThigh"
"64870c0ddfe4f0fad2e69bad","19","tear","DTlow"
"64870c0ddfe4f0fad2e69bad","19","beer","BPlow"
"64870c0ddfe4f0fad2e69bad","19","beer","BPhigh"
"64870c0ddfe4f0fad2e69bad","20","deer","DTlow"
"64870c0ddfe4f0fad2e69bad","20","pier","BPhigh"
"64870c0ddfe4f0fad2e69bad","20","tear","DThigh"
"64870c0ddfe4f0fad2e69bad","20","beer","BPlow"
"64870c0ddfe4f0fad2e69bad","21","beer","BPlow"
"64870c0ddfe4f0fad2e69bad","21","tear","DThigh"
"64870c0ddfe4f0fad2e69bad","21","deer","DTlow"
"64870c0ddfe4f0fad2e69bad","21","pier","BPhigh"
"64870c0ddfe4f0fad2e69bad","22","tear","DThigh"
"64870c0ddfe4f0fad2e69bad","22","pier","BPhigh"
"64870c0ddfe4f0fad2e69bad","22","tear","DTlow"
"64870c0ddfe4f0fad2e69bad","22","beer","BPlow"
"64870c0ddfe4f0fad2e69bad","23","beer","BPlow"
"64870c0ddfe4f0fad2e69bad","23","tear","DThigh"
"64870c0ddfe4f0fad2e69bad","23","deer","DTlow"
"64870c0ddfe4f0fad2e69bad","23","beer","BPhigh"
"64870c0ddfe4f0fad2e69bad","24","pier","BPhigh"
"64870c0ddfe4f0fad2e69bad","24","tear","DTlow"
"64870c0ddfe4f0fad2e69bad","24","beer","BPlow"
"64870c0ddfe4f0fad2e69bad","24","tear","DThigh"
"64870c0ddfe4f0fad2e69bad","25","tear","DThigh"
"64870c0ddfe4f0fad2e69bad","25","beer","BPlow"
"64870c0ddfe4f0fad2e69bad","25","tear","DTlow"
"64870c0ddfe4f0fad2e69bad","25","beer","BPhigh"
"64870c0ddfe4f0fad2e69bad","26","tear","DThigh"
"64870c0ddfe4f0fad2e69bad","26","tear","DTlow"
"64870c0ddfe4f0fad2e69bad","26","beer","BPlow"
"64870c0ddfe4f0fad2e69bad","27","pier","BPhigh"
"64870c0ddfe4f0fad2e69bad","27","tear","DThigh"
"64870c0ddfe4f0fad2e69bad","27","beer","BPlow"
"64870c0ddfe4f0fad2e69bad","27","deer","DTlow"
"64870c0ddfe4f0fad2e69bad","28","tear","DThigh"
"64870c0ddfe4f0fad2e69bad","28","tear","DTlow"
"64870c0ddfe4f0fad2e69bad","28","pier","BPhigh"
"64870c0ddfe4f0fad2e69bad","28","beer","BPlow"
"64870c0ddfe4f0fad2e69bad","29","beer","BPlow"
"64870c0ddfe4f0fad2e69bad","29","tear","DThigh"
"64870c0ddfe4f0fad2e69bad","29","pier","BPhigh"
"64870c0ddfe4f0fad2e69bad","29","tear","DTlow"
"64870c0ddfe4f0fad2e69bad","30","beer","BPlow"
"64870c0ddfe4f0fad2e69bad","30","tear","DTlow"
"64870c0ddfe4f0fad2e69bad","30","pier","BPhigh"
"64870c0ddfe4f0fad2e69bad","31","tear","DThigh"
"64870c0ddfe4f0fad2e69bad","31","tear","DTlow"
"64870c0ddfe4f0fad2e69bad","31","pier","BPlow"
"64870c0ddfe4f0fad2e69bad","31","pier","BPhigh"
"64870c0ddfe4f0fad2e69bad","32","pier","BPhigh"
"64870c0ddfe4f0fad2e69bad","32","tear","DThigh"
"64870c0ddfe4f0fad2e69bad","32","tear","DTlow"
"64870c0ddfe4f0fad2e69bad","32","beer","BPlow"
"64870c0ddfe4f0fad2e69bad","33","tear","DThigh"
"64870c0ddfe4f0fad2e69bad","33","tear","DTlow"
"64870c0ddfe4f0fad2e69bad","33","beer","BPlow"
"64870c0ddfe4f0fad2e69bad","34","pier","BPhigh"
"64870c0ddfe4f0fad2e69bad","34","pier","BPlow"
"64870c0ddfe4f0fad2e69bad","34","deer","DTlow"
"64870c0ddfe4f0fad2e69bad","35","pier","BPhigh"
"64870c0ddfe4f0fad2e69bad","35","beer","BPlow"
"64870c0ddfe4f0fad2e69bad","35","tear","DTlow"
"64870c0ddfe4f0fad2e69bad","35","tear","DThigh"
"64870c0ddfe4f0fad2e69bad","36","tear","DThigh"
"64870c0ddfe4f0fad2e69bad","36","tear","DTlow"
"64870c0ddfe4f0fad2e69bad","36","pier","BPhigh"
"64870c0ddfe4f0fad2e69bad","36","beer","BPlow"
"64870c0ddfe4f0fad2e69bad","37","tear","DTlow"
"64870c0ddfe4f0fad2e69bad","37","tear","DThigh"
"64870c0ddfe4f0fad2e69bad","37","beer","BPlow"
"64870c0ddfe4f0fad2e69bad","37","pier","BPhigh"
"64870c0ddfe4f0fad2e69bad","38","tear","DThigh"
"64870c0ddfe4f0fad2e69bad","38","pier","BPhigh"
"64870c0ddfe4f0fad2e69bad","38","tear","DTlow"
"64870c0ddfe4f0fad2e69bad","38","pier","BPlow"
"64870c0ddfe4f0fad2e69bad","39","pier","BPhigh"
"64870c0ddfe4f0fad2e69bad","39","tear","DTlow"
"64870c0ddfe4f0fad2e69bad","39","pier","BPlow"
